species,camera_ID,month,day,year,time,count
Coluber constrictor,H4,8,21,2024,13:21,1
Plestiodon inexpectatus,H14,8,23,2024,9:47,1
Plestiodon inexpectatus,H13,8,23,2024,10:03,1
Aspidoscelis sexlineata,H7,8,23,2024,10:21,1
Aspidoscelis sexlineata,H1,8,23,2024,10:23,1
Plestiodon inexpectatus,H13,8,23,2024,10:46,1
Aspidoscelis sexlineata,H7,8,23,2024,11:08,1
Aspidoscelis sexlineata,H1,8,23,2024,11:20,1
Aspidoscelis sexlineata,H16,8,23,2024,11:26,1
Aspidoscelis sexlineata,H7,8,23,2024,12:45,1
Coluber constrictor,H15,8,23,2024,13:22,1
Aspidoscelis sexlineata,H10,8,23,2024,13:33,1
Aspidoscelis sexlineata,H10,8,23,2024,14:35,1
Plestiodon inexpectatus,H8,8,24,2024,8:13,1
Plestiodon inexpectatus,H13,8,24,2024,8:30,1
Aspidoscelis sexlineata,H16,8,24,2024,10:00,1
Coluber constrictor,H14,8,24,2024,10:55,1
Aspidoscelis sexlineata,H9,8,24,2024,11:13,1
Aspidoscelis sexlineata,H18,8,24,2024,11:21,1
Aspidoscelis sexlineata,H10,8,24,2024,12:13,1
Coluber constrictor,H2,8,24,2024,12:23,1
Coluber constrictor,H2,8,24,2024,13:39,1
Aspidoscelis sexlineata,H10,8,24,2024,14:21,1
Aspidoscelis sexlineata,H7,8,24,2024,14:47,1
Aspidoscelis sexlineata,H10,8,24,2024,15:40,1
Aspidoscelis sexlineata,H18,8,24,2024,16:33,1
Plestiodon inexpectatus,H16,8,25,2024,8:54,1
Aspidoscelis sexlineata,H19,8,25,2024,9:44,1
Aspidoscelis sexlineata,H19,8,25,2024,11:12,1
Aspidoscelis sexlineata,H17,8,25,2024,11:42,1
Aspidoscelis sexlineata,H16,8,25,2024,12:26,1
Aspidoscelis sexlineata,H7,8,25,2024,12:40,1
Coluber constrictor,H19,8,25,2024,13:36,1
Aspidoscelis sexlineata,H5,8,25,2024,13:37,1
Plestiodon inexpectatus,H14,8,26,2024,9:04,1
Aspidoscelis sexlineata,H10,8,26,2024,10:04,1
Plestiodon inexpectatus,H14,8,26,2024,10:09,1
Aspidoscelis sexlineata,H19,8,26,2024,10:11,1
Aspidoscelis sexlineata,H1,8,26,2024,10:21,1
Coluber constrictor,H13,8,26,2024,10:41,1
Coluber constrictor,H14,8,26,2024,11:09,1
Coluber constrictor,H11,8,26,2024,13:28,1
Coluber constrictor,H15,8,26,2024,13:32,1
Aspidoscelis sexlineata,H5,8,26,2024,14:10,1
Aspidoscelis sexlineata,H7,8,26,2024,14:25,1
Coluber constrictor,H2,8,26,2024,15:56,1
Coluber constrictor,H14,8,26,2024,15:58,1
Coluber constrictor,H18,8,27,2024,9:05,1
Coluber constrictor,H2,8,27,2024,9:22,1
Plestiodon inexpectatus,H16,8,27,2024,9:27,1
Thamnophis sirtalis,H1,8,27,2024,10:25,1
Aspidoscelis sexlineata,H10,8,27,2024,10:39,1
Coluber constrictor,H4,8,27,2024,10:59,1
Aspidoscelis sexlineata,H7,8,27,2024,11:32,1
Aspidoscelis sexlineata,H19,8,27,2024,12:26,1
Aspidoscelis sexlineata,H10,8,27,2024,13:06,1
Coluber constrictor,H8,8,27,2024,13:13,1
Aspidoscelis sexlineata,H16,8,27,2024,15:50,1
Anaxyrus terrestris,H7,8,27,2024,20:17,1
Anaxyrus terrestris,H7,8,28,2024,2:51,1
Coluber constrictor,H4,8,28,2024,9:07,1
Aspidoscelis sexlineata,H19,8,28,2024,10:08,1
Masticophis flagellum,H16,8,28,2024,10:23,1
Aspidoscelis sexlineata,H10,8,28,2024,10:41,1
Aspidoscelis sexlineata,H7,8,28,2024,11:16,1
Eleutherodactylus planirostris,H8,8,28,2024,11:38,1
Coluber constrictor,H14,8,28,2024,11:52,1
Aspidoscelis sexlineata,H18,8,28,2024,17:24,1
Plestiodon inexpectatus,H3,8,29,2024,8:14,1
Plestiodon inexpectatus,H8,8,29,2024,9:01,1
Aspidoscelis sexlineata,H18,8,29,2024,9:31,1
Aspidoscelis sexlineata,H16,8,29,2024,14:29,1
Aspidoscelis sexlineata,H5,8,29,2024,14:33,1
Aspidoscelis sexlineata,H18,8,29,2024,14:41,1
Coluber constrictor,H8,8,29,2024,16:09,1
Masticophis flagellum,H18,8,29,2024,16:50,1
Masticophis flagellum,H5,8,29,2024,16:51,1
Aspidoscelis sexlineata,H19,8,30,2024,9:30,1
Pantherophis quadrivittatus,H11,8,30,2024,10:15,1
Coluber constrictor,H15,8,30,2024,10:16,1
Aspidoscelis sexlineata,H10,8,30,2024,11:16,1
Coluber constrictor,H8,8,30,2024,14:09,1
Coluber constrictor,H17,8,30,2024,15:52,1
Plestiodon inexpectatus,H16,8,30,2024,17:10,1
Coluber constrictor,H18,8,30,2024,17:15,1
Aspidoscelis sexlineata,H13,8,30,2024,17:41,1
Coluber constrictor,H11,8,30,2024,17:52,1
Coluber constrictor,H5,8,30,2024,18:26,1
Plestiodon inexpectatus,H16,8,30,2024,18:37,1
Aspidoscelis sexlineata,H5,8,31,2024,8:47,1
Plestiodon inexpectatus,H18,8,31,2024,8:49,1
Plestiodon inexpectatus,H16,8,31,2024,9:03,1
Aspidoscelis sexlineata,H5,8,31,2024,9:33,1
Aspidoscelis sexlineata,H1,8,31,2024,11:00,1
Coluber constrictor,H11,8,31,2024,11:10,1
Aspidoscelis sexlineata,H16,8,31,2024,12:43,1
Aspidoscelis sexlineata,H1,8,31,2024,13:50,1
Aspidoscelis sexlineata,H10,8,31,2024,14:00,1
Coluber constrictor,H8,8,31,2024,16:04,1
Pantherophis guttatus,H10,8,31,2024,20:39,1
Pantherophis quadrivittatus,H18,9,1,2024,12:04,1
Coluber constrictor,H8,9,1,2024,12:12,1
Plestiodon inexpectatus,H16,9,2,2024,9:16,1
Aspidoscelis sexlineata,H10,9,2,2024,10:17,1
Aspidoscelis sexlineata,H19,9,2,2024,10:51,1
Aspidoscelis sexlineata,H1,9,2,2024,10:58,1
Aspidoscelis sexlineata,H5,9,2,2024,11:53,1
Aspidoscelis sexlineata,H10,9,2,2024,11:59,1
Masticophis flagellum,H16,9,2,2024,12:06,1
Anolis sagrei,H1,9,2,2024,14:32,1
Kinosternon baurii,H15,9,3,2024,12:07,1
Coluber constrictor,H3,9,3,2024,12:26,1
Aspidoscelis sexlineata,H5,9,3,2024,12:36,1
Aspidoscelis sexlineata,H6,9,3,2024,13:05,1
Coluber constrictor,H2,9,3,2024,13:14,1
Coluber constrictor,H4,9,3,2024,13:37,1
Aspidoscelis sexlineata,H10,9,3,2024,13:40,1
Aspidoscelis sexlineata,H6,9,3,2024,14:02,1
Gastrophryne carolinensis,H15,9,4,2024,3:08,1
Plestiodon inexpectatus,H8,9,4,2024,8:41,1
Plestiodon inexpectatus,H8,9,4,2024,9:37,1
Aspidoscelis sexlineata,H7,9,4,2024,10:13,1
Aspidoscelis sexlineata,H5,9,4,2024,10:39,1
Aspidoscelis sexlineata,H5,9,4,2024,11:09,1
Coluber constrictor,H11,9,4,2024,11:44,1
Aspidoscelis sexlineata,H10,9,4,2024,13:37,1
Aspidoscelis sexlineata,H6,9,4,2024,13:43,1
Plestiodon inexpectatus,H4,9,5,2024,9:14,1
Aspidoscelis sexlineata,H18,9,5,2024,9:49,1
Masticophis flagellum,H16,9,5,2024,10:02,1
Coluber constrictor,H12,9,5,2024,12:29,1
Aspidoscelis sexlineata,H10,9,5,2024,12:41,1
Anaxyrus quercicus,H16,9,5,2024,14:05,1
Gopherus polyphemus,H19,9,5,2024,14:21,1
Coluber constrictor,H12,9,5,2024,15:05,1
Aspidoscelis sexlineata,H16,9,5,2024,15:05,1
Coluber constrictor,H28,9,5,2024,15:46,1
Aspidoscelis sexlineata,H10,9,6,2024,9:47,1
Plestiodon inexpectatus,H2,9,6,2024,9:47,1
Aspidoscelis sexlineata,H7,9,6,2024,10:06,1
Aspidoscelis sexlineata,H18,9,6,2024,10:44,1
Coluber constrictor,H18,9,6,2024,10:53,1
Coluber constrictor,H27,9,6,2024,11:29,1
Aspidoscelis sexlineata,H10,9,6,2024,11:58,1
Aspidoscelis sexlineata,H19,9,6,2024,12:46,1
Aspidoscelis sexlineata,H7,9,6,2024,13:14,1
Coluber constrictor,H25,9,6,2024,13:55,1
Coluber constrictor,H8,9,6,2024,14:06,1
Coluber constrictor,H14,9,6,2024,14:41,1
Coluber constrictor,H25,9,6,2024,14:43,1
Aspidoscelis sexlineata,H10,9,6,2024,14:53,1
Plestiodon inexpectatus,H4,9,7,2024,8:44,1
Coluber constrictor,H13,9,7,2024,9:16,1
Plestiodon inexpectatus,H14,9,7,2024,9:42,1
Aspidoscelis sexlineata,H5,9,7,2024,9:48,1
Masticophis flagellum,H5,9,7,2024,10:04,1
Aspidoscelis sexlineata,H19,9,7,2024,10:12,1
Pantherophis quadrivittatus,H2,9,7,2024,10:20,1
Masticophis flagellum,H10,9,7,2024,10:26,1
Aspidoscelis sexlineata,H19,9,7,2024,11:10,1
Coluber constrictor,H28,9,7,2024,11:43,1
Masticophis flagellum,H13,9,7,2024,11:45,1
Aspidoscelis sexlineata,H25,9,7,2024,12:14,1
Aspidoscelis sexlineata,H16,9,7,2024,12:40,1
Coluber constrictor,H4,9,7,2024,12:48,1
Aspidoscelis sexlineata,H7,9,7,2024,16:02,1
Anaxyrus quercicus,H19,9,7,2024,16:04,1
Coluber constrictor,H4,9,7,2024,16:06,1
Coluber constrictor,H9,9,7,2024,17:11,1
Anaxyrus terrestris,H6,9,7,2024,19:51,1
Plestiodon inexpectatus,H16,9,8,2024,7:56,1
Plestiodon inexpectatus,H4,9,8,2024,8:48,1
Aspidoscelis sexlineata,H5,9,8,2024,10:15,1
Coluber constrictor,H5,9,8,2024,10:25,1
Masticophis flagellum,H5,9,8,2024,10:27,1
Opheodrys aestivus,H28,9,8,2024,10:29,1
Pantherophis quadrivittatus,H15,9,8,2024,11:06,1
Plestiodon inexpectatus,H14,9,8,2024,11:58,1
Aspidoscelis sexlineata,H16,9,8,2024,12:58,1
Masticophis flagellum,H16,9,8,2024,14:10,1
Aspidoscelis sexlineata,H18,9,8,2024,14:20,1
Coluber constrictor,H11,9,8,2024,14:49,1
Coluber constrictor,H2,9,8,2024,16:10,1
Coluber constrictor,H4,9,9,2024,10:48,1
Masticophis flagellum,H13,9,9,2024,10:58,1
Aspidoscelis sexlineata,H16,9,9,2024,11:33,1
Aspidoscelis sexlineata,H19,9,9,2024,12:01,1
Aspidoscelis sexlineata,H10,9,9,2024,12:09,1
Aspidoscelis sexlineata,H6,9,9,2024,12:14,1
Aspidoscelis sexlineata,H18,9,9,2024,12:40,1
Aspidoscelis sexlineata,H19,9,9,2024,13:54,1
Aspidoscelis sexlineata,H5,9,9,2024,14:19,1
Aspidoscelis sexlineata,H7,9,9,2024,14:42,1
Plestiodon inexpectatus,H16,9,10,2024,8:51,1
Plestiodon inexpectatus,H14,9,10,2024,9:40,1
Coluber constrictor,H15,9,10,2024,10:19,1
Aspidoscelis sexlineata,H10,9,10,2024,10:52,1
Aspidoscelis sexlineata,H7,9,10,2024,11:18,1
Aspidoscelis sexlineata,H10,9,10,2024,11:49,1
Coluber constrictor,H8,9,10,2024,12:47,1
Coluber constrictor,H15,9,10,2024,12:50,1
Coluber constrictor,H4,9,10,2024,13:01,1
Coluber constrictor,H1,9,10,2024,13:19,1
Coluber constrictor,H17,9,10,2024,13:22,1
Coluber constrictor,H4,9,10,2024,13:36,1
Coluber constrictor,H14,9,10,2024,13:58,1
Aspidoscelis sexlineata,H10,9,10,2024,14:21,1
Coluber constrictor,H3,9,10,2024,15:01,1
Pantherophis guttatus,H25,9,11,2024,10:15,1
Aspidoscelis sexlineata,H19,9,11,2024,11:28,1
Masticophis flagellum,H7,9,11,2024,11:33,1
Plestiodon inexpectatus,H14,9,11,2024,16:00,1
Coluber constrictor,H8,9,11,2024,17:45,1
Coluber constrictor,H1,9,12,2024,9:58,1
Coluber constrictor,H27,9,12,2024,10:06,1
Coluber constrictor,H18,9,12,2024,11:31,1
Aspidoscelis sexlineata,H19,9,12,2024,12:02,1
Aspidoscelis sexlineata,H19,9,12,2024,12:49,1
Coluber constrictor,H12,9,12,2024,13:14,1
Coluber constrictor,H10,9,12,2024,16:44,1
Coluber constrictor,H11,9,12,2024,16:46,1
Coluber constrictor,H3,9,12,2024,17:36,1
Plestiodon inexpectatus,H5,9,13,2024,9:34,1
Aspidoscelis sexlineata,H19,9,13,2024,10:29,1
Coluber constrictor,H7,9,13,2024,12:39,1
Coluber constrictor,H11,9,13,2024,17:52,1
Plestiodon inexpectatus,H16,9,14,2024,8:36,1
Aspidoscelis sexlineata,H7,9,14,2024,8:43,1
Coluber constrictor,H2,9,14,2024,9:56,1
Aspidoscelis sexlineata,H19,9,14,2024,11:06,1
Coluber constrictor,H8,9,14,2024,12:25,1
Coluber constrictor,H4,9,14,2024,12:32,1
Aspidoscelis sexlineata,H5,9,14,2024,14:08,1
Coluber constrictor,H4,9,14,2024,15:00,1
Aspidoscelis sexlineata,H10,9,14,2024,15:20,1
Aspidoscelis sexlineata,H5,9,14,2024,15:26,1
Coluber constrictor,H10,9,15,2024,9:59,1
Aspidoscelis sexlineata,H6,9,15,2024,12:42,1
Anolis sagrei,H14,9,15,2024,13:02,1
Coluber constrictor,H14,9,15,2024,14:24,1
Anaxyrus quercicus,H27,9,15,2024,14:47,1
Aspidoscelis sexlineata,H10,9,15,2024,14:55,1
Plestiodon inexpectatus,H16,9,15,2024,16:43,1
Plestiodon inexpectatus,H16,9,16,2024,8:15,1
Coluber constrictor,H5,9,16,2024,9:56,1
Plestiodon inexpectatus,H16,9,16,2024,10:03,1
Aspidoscelis sexlineata,H19,9,16,2024,13:26,1
Aspidoscelis sexlineata,H7,9,16,2024,13:57,1
Coluber constrictor,H25,9,16,2024,14:38,1
Coluber constrictor,H3,9,16,2024,16:58,1
Plestiodon inexpectatus,H16,9,17,2024,8:17,1
Plestiodon inexpectatus,H8,9,17,2024,9:14,1
Aspidoscelis sexlineata,H13,9,17,2024,10:35,1
Aspidoscelis sexlineata,H19,9,17,2024,11:38,1
Aspidoscelis sexlineata,H10,9,17,2024,12:22,1
Coluber constrictor,H18,9,17,2024,13:22,1
Coluber constrictor,H5,9,17,2024,13:44,1
Aspidoscelis sexlineata,H18,9,17,2024,13:45,1
Plestiodon inexpectatus,H16,9,18,2024,8:13,1
Plestiodon inexpectatus,H5,9,18,2024,9:26,1
Aspidoscelis sexlineata,H19,9,18,2024,10:46,1
Masticophis flagellum,H5,9,18,2024,11:21,1
Coluber constrictor,H15,9,18,2024,12:03,1
Aspidoscelis sexlineata,H18,9,18,2024,12:13,1
Aspidoscelis sexlineata,H6,9,18,2024,12:15,1
Masticophis flagellum,H16,9,18,2024,12:56,1
Aspidoscelis sexlineata,H13,9,18,2024,12:58,1
Aspidoscelis sexlineata,H11,9,18,2024,14:09,1
Aspidoscelis sexlineata,H11,9,18,2024,14:39,1
Aspidoscelis sexlineata,H13,9,18,2024,15:10,1
Agkistrodon conanti,H3,9,19,2024,9:01,1
Anolis sagrei,H14,9,19,2024,9:59,1
Aspidoscelis sexlineata,H10,9,19,2024,10:16,1
Masticophis flagellum,H13,9,19,2024,11:15,1
Coluber constrictor,H4,9,19,2024,16:59,1
Plestiodon inexpectatus,H18,9,20,2024,8:36,1
Plestiodon inexpectatus,H8,9,20,2024,9:10,1
Aspidoscelis sexlineata,H6,9,20,2024,12:41,1
Coluber constrictor,H17,9,20,2024,12:48,1
Plestiodon inexpectatus,H14,9,20,2024,14:26,1
Aspidoscelis sexlineata,H1,9,20,2024,15:01,1
Coluber constrictor,H8,9,20,2024,15:01,1
Plestiodon inexpectatus,H11,9,20,2024,15:34,1
Coluber constrictor,H5,9,20,2024,18:27,1
Coluber constrictor,H7,9,20,2024,19:09,1
Plestiodon inexpectatus,H16,9,21,2024,8:23,1
Plestiodon inexpectatus,H14,9,21,2024,8:54,1
Anolis sagrei,H14,9,21,2024,9:22,1
Coluber constrictor,H1,9,21,2024,9:54,1
Coluber constrictor,H25,9,21,2024,10:14,1
Anolis sagrei,H14,9,21,2024,10:23,1
Coluber constrictor,H4,9,21,2024,11:56,1
Aspidoscelis sexlineata,H6,9,21,2024,13:39,1
Masticophis flagellum,H16,9,21,2024,14:01,1
Aspidoscelis sexlineata,H7,9,21,2024,14:50,1
Coluber constrictor,H25,9,21,2024,16:15,1
Coluber constrictor,H13,9,22,2024,9:41,1
Coluber constrictor,H26,9,22,2024,10:46,1
Aspidoscelis sexlineata,H18,9,22,2024,11:41,1
Aspidoscelis sexlineata,H1,9,22,2024,12:15,1
Coluber constrictor,H16,9,22,2024,12:19,1
Aspidoscelis sexlineata,H18,9,22,2024,12:36,1
Aspidoscelis sexlineata,H5,9,22,2024,12:36,1
Anaxyrus quercicus,H16,9,22,2024,13:27,1
Aspidoscelis sexlineata,H6,9,22,2024,14:06,1
Coluber constrictor,H27,9,22,2024,14:20,1
Aspidoscelis sexlineata,H5,9,22,2024,15:32,1
Aspidoscelis sexlineata,H7,9,23,2024,9:22,1
Plestiodon inexpectatus,H5,9,23,2024,9:23,1
Coluber constrictor,H11,9,23,2024,10:04,1
Coluber constrictor,H4,9,23,2024,10:14,1
Coluber constrictor,H17,9,23,2024,10:58,1
Aspidoscelis sexlineata,H7,9,23,2024,11:29,1
Aspidoscelis sexlineata,H10,9,23,2024,13:32,1
Coluber constrictor,H8,9,23,2024,14:42,1
Coluber constrictor,H17,9,23,2024,14:49,1
Aspidoscelis sexlineata,H18,9,23,2024,15:31,1
Crotalus adamanteus,H9,9,23,2024,16:09,1
Coluber constrictor,H8,9,23,2024,17:44,1
Anaxyrus terrestris,H6,9,23,2024,19:31,1
Plestiodon inexpectatus,H14,9,24,2024,8:44,1
Coluber constrictor,H8,9,24,2024,9:48,1
Pantherophis quadrivittatus,H7,9,24,2024,9:59,1
Aspidoscelis sexlineata,H18,9,24,2024,10:41,1
Coluber constrictor,H25,9,24,2024,12:28,1
Aspidoscelis sexlineata,H10,9,24,2024,13:06,1
Aspidoscelis sexlineata,H5,9,24,2024,13:42,1
Coluber constrictor,H12,9,24,2024,14:37,1
Plestiodon inexpectatus,H16,9,25,2024,8:18,1
Coluber constrictor,H9,9,25,2024,10:43,1
Coluber constrictor,H8,9,25,2024,12:38,1
Coluber constrictor,H12,9,25,2024,15:01,1
Kinosternon baurii,H27,9,26,2024,11:42,1
Thamnophis sirtalis,H25,9,26,2024,12:35,1
Coluber constrictor,H4,9,26,2024,15:21,1
Coluber constrictor,H5,9,26,2024,17:57,1
Anaxyrus terrestris,H5,9,26,2024,19:25,1
Aspidoscelis sexlineata,H18,9,27,2024,10:32,1
Aspidoscelis sexlineata,H5,9,27,2024,10:40,1
Coluber constrictor,H27,9,27,2024,12:38,1
Coluber constrictor,H8,9,27,2024,12:55,1
Coluber constrictor,H11,9,27,2024,15:26,1
Coluber constrictor,H4,9,27,2024,15:43,1
Agkistrodon conanti,H15,9,27,2024,16:59,1
Coluber constrictor,H27,9,28,2024,11:51,1
Aspidoscelis sexlineata,H10,9,28,2024,11:57,1
Plestiodon inexpectatus,H14,9,28,2024,13:59,1
Coluber constrictor,H8,9,29,2024,10:45,1
Gopherus polyphemus,H16,9,29,2024,10:50,1
Aspidoscelis sexlineata,H7,9,29,2024,10:54,1
Aspidoscelis sexlineata,H6,9,29,2024,13:03,1
Coluber constrictor,H18,9,29,2024,13:19,1
Aspidoscelis sexlineata,H6,9,29,2024,13:35,1
Aspidoscelis sexlineata,H10,9,29,2024,15:05,1
Aspidoscelis sexlineata,H7,9,29,2024,15:20,1
Coluber constrictor,H2,9,30,2024,9:39,1
Aspidoscelis sexlineata,H19,9,30,2024,10:21,1
Coluber constrictor,H25,9,30,2024,10:45,1
Coluber constrictor,H3,9,30,2024,10:59,1
Aspidoscelis sexlineata,H18,9,30,2024,11:05,1
Aspidoscelis sexlineata,H19,9,30,2024,11:38,1
Coluber constrictor,H28,9,30,2024,11:43,1
Anaxyrus quercicus,H16,9,30,2024,12:23,1
Masticophis flagellum,H18,9,30,2024,13:01,1
Aspidoscelis sexlineata,H6,9,30,2024,13:08,1
Aspidoscelis sexlineata,H10,9,30,2024,14:56,1
Masticophis flagellum,H5,9,30,2024,16:45,1
Anaxyrus terrestris,H18,9,30,2024,19:46,1
Plestiodon inexpectatus,H15,10,1,2024,9:54,1
Anolis sagrei,H2,10,1,2024,10:31,1
Aspidoscelis sexlineata,H2,10,1,2024,10:31,1
Aspidoscelis sexlineata,H19,10,1,2024,10:49,1
Coluber constrictor,H27,10,1,2024,11:32,1
Coluber constrictor,H27,10,1,2024,12:26,1
Aspidoscelis sexlineata,H10,10,1,2024,12:33,1
Plestiodon inexpectatus,H16,10,2,2024,8:58,1
Plestiodon inexpectatus,H14,10,2,2024,9:33,1
Masticophis flagellum,H13,10,2,2024,10:55,1
Pantherophis quadrivittatus,H10,10,2,2024,11:40,1
Coluber constrictor,H25,10,2,2024,12:16,1
Aspidoscelis sexlineata,H18,10,2,2024,12:36,1
Anolis sagrei,H14,10,2,2024,15:15,1
Anolis sagrei,H14,10,2,2024,16:17,1
Coluber constrictor,H27,10,2,2024,17:20,1
Plestiodon inexpectatus,H14,10,3,2024,9:19,1
Coluber constrictor,H25,10,3,2024,9:59,1
Coluber constrictor,H5,10,3,2024,12:01,1
Coluber constrictor,H13,10,3,2024,13:24,1
Masticophis flagellum,H18,10,3,2024,13:33,1
Plestiodon inexpectatus,H3,10,4,2024,8:31,1
Aspidoscelis sexlineata,H6,10,4,2024,11:22,1
Coluber constrictor,H11,10,4,2024,13:01,1
Aspidoscelis sexlineata,H6,10,4,2024,14:06,1
Coluber constrictor,H8,10,4,2024,14:16,1
Coluber constrictor,H11,10,4,2024,14:34,1
Coluber constrictor,H26,10,4,2024,17:05,1
Pantherophis guttatus,H10,10,4,2024,21:15,1
Coluber constrictor,H8,10,5,2024,10:20,1
Coluber constrictor,H9,10,5,2024,10:53,1
Coluber constrictor,H12,10,5,2024,11:26,1
Coluber constrictor,H3,10,5,2024,13:40,1
Aspidoscelis sexlineata,H6,10,5,2024,13:42,1
Aspidoscelis sexlineata,H7,10,5,2024,13:50,1
Aspidoscelis sexlineata,H19,10,5,2024,13:56,1
Aspidoscelis sexlineata,H6,10,5,2024,14:25,1
Coluber constrictor,H1,10,5,2024,14:32,1
Aspidoscelis sexlineata,H10,10,5,2024,15:39,1
Coluber constrictor,H27,10,5,2024,16:42,1
Apalone ferox,H14,10,5,2024,17:39,1
Pantherophis guttatus,H26,10,7,2024,15:19,1
Plestiodon inexpectatus,H16,10,8,2024,13:45,1
Gopherus polyphemus,H1,10,8,2024,14:07,1
Coluber constrictor,H5,10,8,2024,14:52,1
Anolis sagrei,H14,10,12,2024,11:10,1
Coluber constrictor,H8,10,12,2024,11:29,1
Aspidoscelis sexlineata,H18,10,12,2024,13:53,1
Coluber constrictor,H11,10,13,2024,12:33,1
Aspidoscelis sexlineata,H18,10,13,2024,13:02,1
Coluber constrictor,H12,10,13,2024,13:18,1
Coluber constrictor,H8,10,13,2024,13:22,1
Aspidoscelis sexlineata,H10,10,13,2024,14:37,1
Plestiodon inexpectatus,H14,10,14,2024,9:04,1
Plestiodon inexpectatus,H12,10,14,2024,9:45,1
Aspidoscelis sexlineata,H18,10,14,2024,10:40,1
Aspidoscelis sexlineata,H6,10,14,2024,11:59,1
Coluber constrictor,H11,10,14,2024,13:32,1
Coluber constrictor,H11,10,14,2024,14:15,1
Aspidoscelis sexlineata,H6,10,14,2024,15:35,1
Plestiodon inexpectatus,H12,10,15,2024,9:41,1
Masticophis flagellum,H18,10,15,2024,11:05,1
Aspidoscelis sexlineata,H18,10,15,2024,12:50,1
Aspidoscelis sexlineata,H6,10,15,2024,14:04,1
Aspidoscelis sexlineata,H18,10,15,2024,14:39,1
Coluber constrictor,H8,10,15,2024,14:53,1
Coluber constrictor,H11,10,15,2024,15:20,1
Aspidoscelis sexlineata,H6,10,15,2024,15:27,1
Coluber constrictor,H4,10,16,2024,11:49,1
Pantherophis guttatus,H25,10,16,2024,12:05,1
Crotalus adamanteus,H13,10,16,2024,12:20,1
Coluber constrictor,H11,10,16,2024,12:26,1
Aspidoscelis sexlineata,H6,10,16,2024,12:43,1
Coluber constrictor,H12,10,16,2024,13:58,1
Coluber constrictor,H12,10,17,2024,11:36,1
Aspidoscelis sexlineata,H18,10,17,2024,15:28,1
Anolis sagrei,H14,10,18,2024,9:06,1
Plestiodon inexpectatus,H16,10,18,2024,9:56,1
Coluber constrictor,H8,10,18,2024,11:02,1
Coluber constrictor,H5,10,18,2024,12:45,1
Pantherophis guttatus,H28,10,18,2024,15:01,1
Aspidoscelis sexlineata,H10,10,19,2024,9:17,1
Aspidoscelis sexlineata,H18,10,19,2024,9:25,1
Coluber constrictor,H11,10,19,2024,10:42,1
Anolis carolinensis,H6,10,19,2024,13:05,1
Anaxyrus terrestris,H14,10,19,2024,21:07,1
Anaxyrus terrestris,H7,10,19,2024,23:02,1
Masticophis flagellum,H18,10,20,2024,12:33,1
Coluber constrictor,H1,10,20,2024,13:34,1
Anolis sagrei,H11,10,20,2024,13:56,1
Coluber constrictor,H1,10,21,2024,12:48,1
Coluber constrictor,H26,10,21,2024,12:51,1
Anolis carolinensis,H14,10,22,2024,10:19,1
Thamnophis sirtalis,H25,10,22,2024,14:12,1
Anaxyrus terrestris,H7,10,22,2024,19:17,1
Anaxyrus quercicus,H9,10,23,2024,10:59,1
Aspidoscelis sexlineata,H7,10,23,2024,11:53,1
Coluber constrictor,H28,10,23,2024,12:36,1
Coluber constrictor,H15,10,23,2024,14:37,1
Anaxyrus terrestris,H7,10,23,2024,19:48,1
Anaxyrus terrestris,H10,10,24,2024,6:33,1
Coluber constrictor,H5,10,24,2024,11:59,1
Coluber constrictor,H6,10,24,2024,12:08,1
Coluber constrictor,H4,10,24,2024,14:53,1
Plestiodon inexpectatus,H16,10,25,2024,9:34,1
Aspidoscelis sexlineata,H18,10,25,2024,11:14,1
Thamnophis sirtalis,H27,10,25,2024,11:31,1
Coluber constrictor,H26,10,25,2024,16:34,1
Plestiodon inexpectatus,H5,10,25,2024,17:08,1
Anolis sagrei,H14,10,26,2024,11:00,1
Pantherophis quadrivittatus,H8,10,26,2024,12:27,1
Coluber constrictor,H27,10,26,2024,13:08,1
Aspidoscelis sexlineata,H18,10,26,2024,14:32,1
Coluber constrictor,H27,10,26,2024,14:47,1
Aspidoscelis sexlineata,H18,10,26,2024,15:32,1
Anaxyrus quercicus,H16,10,26,2024,15:56,1
Anaxyrus terrestris,H7,10,26,2024,19:05,1
Thamnophis sirtalis,H26,10,27,2024,11:44,1
Coluber constrictor,H5,10,28,2024,14:07,1
Aspidoscelis sexlineata,H10,10,28,2024,14:52,1
Thamnophis sirtalis,H26,10,29,2024,10:30,1
Thamnophis sirtalis,H25,10,29,2024,10:51,1
Masticophis flagellum,H16,10,29,2024,13:32,1
Thamnophis sirtalis,H27,10,29,2024,14:36,1
Coluber constrictor,H3,10,29,2024,14:41,1
Anaxyrus quercicus,H16,10,29,2024,14:49,1
Anolis carolinensis,H14,10,30,2024,10:09,1
Coluber constrictor,H11,10,30,2024,14:28,1
Anaxyrus terrestris,H7,10,30,2024,19:08,1
Anolis carolinensis,H14,10,31,2024,10:04,1
Masticophis flagellum,H7,10,31,2024,13:08,1
Coluber constrictor,H27,11,1,2024,11:43,1
Coluber constrictor,H1,11,1,2024,16:44,1
Anolis sagrei,H2,11,2,2024,10:47,1
Coluber constrictor,H3,11,3,2024,10:25,1
Coluber constrictor,H4,11,3,2024,12:39,1
Coluber constrictor,H8,11,5,2024,14:17,1
Anolis sagrei,H14,11,6,2024,10:16,1
Gopherus polyphemus,H16,11,6,2024,12:12,1
Coluber constrictor,H11,11,6,2024,14:21,1
Aspidoscelis sexlineata,H6,11,6,2024,14:40,1
Coluber constrictor,H5,11,6,2024,15:26,1
Anaxyrus quercicus,H16,11,7,2024,12:07,1
Coluber constrictor,H11,11,7,2024,12:36,1
Coluber constrictor,H27,11,7,2024,12:51,1
Masticophis flagellum,H5,11,7,2024,15:16,1
Coluber constrictor,H8,11,8,2024,10:15,1
Coluber constrictor,H8,11,8,2024,11:27,1
Coluber constrictor,H4,11,8,2024,12:13,1
Coluber constrictor,H2,11,8,2024,14:26,1
Coluber constrictor,H1,11,8,2024,14:51,1
Crotalus adamanteus,H5,11,8,2024,15:38,1
Coluber constrictor,H25,11,8,2024,15:44,1
Anolis sagrei,H14,11,9,2024,8:39,1
Coluber constrictor,H1,11,9,2024,9:29,1
Coluber constrictor,H28,11,9,2024,10:36,1
Anolis carolinensis,H15,11,9,2024,11:10,1
Coluber constrictor,H28,11,9,2024,11:49,1
Coluber constrictor,H26,11,9,2024,12:41,1
Coluber constrictor,H2,11,9,2024,13:05,1
Thamnophis sirtalis,H27,11,9,2024,14:35,1
Coluber constrictor,H28,11,10,2024,10:07,1
Coluber constrictor,H8,11,10,2024,11:48,1
Coluber constrictor,H3,11,10,2024,11:55,1
Coluber constrictor,H8,11,10,2024,14:52,1
Anolis sagrei,H14,11,11,2024,9:42,1
Coluber constrictor,H1,11,11,2024,9:52,1
Coluber constrictor,H27,11,11,2024,10:59,1
Anolis carolinensis,H15,11,11,2024,11:07,1
Anolis carolinensis,H11,11,11,2024,12:41,1
Coluber constrictor,H5,11,12,2024,8:59,1
Coluber constrictor,H19,11,12,2024,12:07,1
Aspidoscelis sexlineata,H6,11,12,2024,13:23,1
Coluber constrictor,H10,11,13,2024,9:49,1
Coluber constrictor,H1,11,13,2024,15:27,1
Coluber constrictor,H15,11,14,2024,16:19,1
Anaxyrus terrestris,H7,11,14,2024,19:19,1
Thamnophis sirtalis,H8,11,15,2024,10:59,1
Thamnophis sirtalis,H17,11,15,2024,11:11,1
Anolis carolinensis,H15,11,15,2024,12:23,1
Coluber constrictor,H25,11,16,2024,9:56,1
Anolis sagrei,H14,11,16,2024,12:14,1
Coluber constrictor,H1,11,18,2024,11:56,1
Coluber constrictor,H28,11,19,2024,11:09,1
Anolis carolinensis,H15,11,19,2024,11:11,1
Anaxyrus terrestris,H7,11,19,2024,18:27,1
Anaxyrus terrestris,H2,11,21,2024,9:15,1
Aspidoscelis sexlineata,H10,11,21,2024,12:18,1
Coluber constrictor,H28,11,22,2024,11:58,1
Coluber constrictor,H1,11,23,2024,13:00,1
Coluber constrictor,H27,11,23,2024,15:03,1
Anolis carolinensis,H15,11,24,2024,11:11,1
Gopherus polyphemus,H16,11,24,2024,11:28,1
Coluber constrictor,H1,11,24,2024,11:38,1
Coluber constrictor,H27,11,24,2024,11:59,1
Anolis sagrei,H11,11,24,2024,13:08,1
Coluber constrictor,H12,11,25,2024,13:47,1
Anolis sagrei,H12,11,27,2024,10:23,1
Coluber constrictor,H1,11,27,2024,11:16,1
Anolis sagrei,H12,11,27,2024,11:58,1
Anolis sagrei,H11,11,28,2024,14:07,1
Acris gryllus,H1,11,29,2024,17:05,1
Anolis carolinensis,H1,11,30,2024,11:27,1
Coluber constrictor,H25,12,1,2024,15:36,1
Coluber constrictor,H25,12,4,2024,11:57,1
Anolis carolinensis,H25,12,5,2024,10:47,1
Anolis sagrei,H2,12,5,2024,11:44,1
Coluber constrictor,H27,12,5,2024,11:53,1
Coluber constrictor,H11,12,5,2024,14:16,1
Coluber constrictor,H25,12,6,2024,10:02,1
Anolis carolinensis,H15,12,8,2024,15:32,1
Coluber constrictor,H16,12,9,2024,12:27,1
Coluber constrictor,H1,12,9,2024,15:32,1
Masticophis flagellum,H13,12,9,2024,15:38,1
Anolis carolinensis,H15,12,10,2024,11:40,1
Anaxyrus quercicus,H8,12,10,2024,12:58,1
Thamnophis sirtalis,H8,12,10,2024,12:58,1
Anaxyrus quercicus,H3,12,10,2024,14:30,1
Anolis carolinensis,H8,12,11,2024,10:11,1
Anaxyrus terrestris,H7,12,11,2024,17:54,1
Coluber constrictor,H1,12,13,2024,11:12,1
Thamnophis sirtalis,H25,12,13,2024,11:27,1
Anolis carolinensis,H1,12,15,2024,8:58,1
Coluber constrictor,H11,12,15,2024,11:12,1
Gopherus polyphemus,H16,12,16,2024,11:59,1
Coluber constrictor,H28,12,19,2024,15:05,1
Heterodon platirhinos,H13,12,20,2024,12:11,1
Coluber constrictor,H25,12,21,2024,11:26,1
Coluber constrictor,H25,12,21,2024,12:29,1
Coluber constrictor,H1,12,21,2024,12:34,1
Anolis carolinensis,H13,12,21,2024,15:16,1
Coluber constrictor,H26,12,24,2024,13:47,1
Thamnophis sirtalis,H27,12,24,2024,14:06,1
Coluber constrictor,H1,12,26,2024,14:34,1
Masticophis flagellum,H13,12,27,2024,13:08,1
Coluber constrictor,H1,12,28,2024,12:40,1
Coluber constrictor,H25,12,30,2024,13:42,1
Coluber constrictor,H11,12,31,2024,12:31,1
Coluber constrictor,H5,1,1,2025,11:43,1
Coluber constrictor,H1,1,1,2025,12:34,1
Coluber constrictor,H25,1,1,2025,13:47,1
Coluber constrictor,H6,1,3,2025,11:54,1
Aspidoscelis sexlineata,H18,1,3,2025,13:59,1
Coluber constrictor,H25,1,5,2025,12:19,1
Thamnophis sirtalis,H25,1,5,2025,12:43,1
Anolis carolinensis,H25,1,8,2025,10:20,1
Anolis carolinensis,H25,1,9,2025,14:45,1
Coluber constrictor,H17,1,10,2025,13:27,1
Coluber constrictor,H25,1,15,2025,13:06,1
Crotalus adamanteus,H5,1,18,2025,15:24,1
Thamnophis sirtalis,H27,1,19,2025,12:17,1
Anolis sagrei,H18,1,24,2025,13:30,1
Coluber constrictor,H25,1,25,2025,12:13,1
Aspidoscelis sexlineata,H18,1,26,2025,12:17,1
Coluber constrictor,H25,1,27,2025,11:42,1
Anolis carolinensis,H15,1,27,2025,11:51,1
Thamnophis sirtalis,H25,1,31,2025,10:47,1
Anolis sagrei,H14,1,31,2025,12:33,1
Anolis sagrei,H14,2,2,2025,15:14,1
Coluber constrictor,H6,2,3,2025,11:07,1
Anolis sagrei,H14,2,3,2025,13:12,1
Coluber constrictor,H27,2,4,2025,13:10,1
Anaxryus terrestris,H10,2,4,2025,19:06,1
Anolis carolinensis,H15,2,5,2025,11:05,1
Coluber constrictor,H8,2,5,2025,14:15,1
Masticophis flagellum,H5,2,6,2025,11:30,1
Anolis carolinensis,H10,2,6,2025,12:48,1
Anolis carolinensis,H14,2,6,2025,14:06,1
Anolis sagrei,H2,2,7,2025,12:22,1
Anolis sagrei,H14,2,9,2025,15:30,1
Coluber constrictor,H25,2,10,2025,10:10,1
Anaxryus quercicus,H8,2,10,2025,12:26,1
Coluber constrictor,H4,2,10,2025,12:43,1
Coluber constrictor,H8,2,10,2025,13:21,1
Coluber constrictor,H2,2,11,2025,11:49,1
Anolis sagrei,H11,2,11,2025,13:43,1
Coluber constrictor,H11,2,13,2025,11:40,1
Coluber constrictor,H28,2,13,2025,12:26,1
Anolis sagrei,H2,2,13,2025,14:00,1
Anolis carolinensis,H5,2,14,2025,11:35,1
Coluber constrictor,H4,2,15,2025,12:02,1
Coluber constrictor,H25,2,16,2025,10:51,1
Coluber constrictor,H27,2,16,2025,11:52,1
Thamnophis saurita,H15,2,17,2025,11:05,1
Coluber constrictor,H4,2,18,2025,11:04,1
Dryophytes squirellus,H8,2,18,2025,13:04,1
Coluber constrictor,H14,2,19,2025,11:17,1
Anolis sagrei,H12,2,19,2025,13:19,1
Coluber constrictor,H8,2,21,2025,12:00,1
Coluber constrictor,H17,2,21,2025,12:43,1
Coluber constrictor,H8,2,21,2025,15:28,1
Coluber constrictor,H4,2,22,2025,10:23,1
Coluber constrictor,H10,2,22,2025,12:55,1
Anolis sagrei,H2,2,23,2025,10:24,1
Anolis carolinensis,H15,2,23,2025,10:27,1
Coluber constrictor,H12,2,23,2025,11:54,1
Aspidoscelis sexlineata,H6,2,23,2025,12:06,1
Coluber constrictor,H25,2,25,2025,13:29,1
Coluber constrictor,H27,2,25,2025,14:04,1
Coluber constrictor,H8,2,26,2025,11:06,1
Anolis sagrei,H2,2,26,2025,12:34,1
Anolis sagrei,H2,2,26,2025,13:11,1
Anolis carolinensis,H13,2,26,2025,13:32,1
Coluber constrictor,H8,2,26,2025,15:46,1
Coluber constrictor,H3,2,27,2025,9:49,1
Coluber constrictor,H17,2,27,2025,10:39,1
Coluber constrictor,H8,2,27,2025,13:04,1
Coluber constrictor,H11,2,27,2025,14:25,1
Anolis carolinensis,H15,2,27,2025,14:27,1
Coluber constrictor,H14,2,28,2025,11:04,1
Coluber constrictor,H15,2,28,2025,11:50,1
Aspidoscelis sexlineata,H6,2,28,2025,12:53,1
Anolis carolinensis,H13,2,28,2025,12:58,1
Aspidoscelis sexlineata,H6,2,28,2025,14:04,1
Aspidoscelis sexlineata,H18,2,28,2025,14:17,1
Coluber constrictor,H8,2,28,2025,17:35,1
Anolis sagrei,H2,3,1,2025,9:59,1
Anolis carolinensis,H16,3,1,2025,10:36,1
Coluber constrictor,H8,3,1,2025,11:15,1
Anolis sagrei,H2,3,1,2025,11:19,1
Coluber constrictor,H3,3,2,2025,10:01,1
Anolis sagrei,H2,3,2,2025,10:15,1
Coluber constrictor,H17,3,2,2025,10:51,1
Gopherus polyphemus,H16,3,2,2025,11:14,1
Plestiodon inexpectatus,H12,3,2,2025,11:56,1
Anolis sagrei,H11,3,2,2025,12:41,1
Aspidoscelis sexlineata,H6,3,2,2025,14:17,1
Aspidoscelis sexlineata,H18,3,2,2025,14:40,1
Anaxyrus quercicus,H25,3,3,2025,12:30,1
Anolis sagrei,H2,3,3,2025,13:10,1
Anolis sagrei,H2,3,4,2025,10:47,1
Pantherophis guttatus,H28,3,4,2025,12:34,1
Coluber constrictor,H11,3,4,2025,12:39,1
Coluber constrictor,H5,3,4,2025,12:46,1
Aspidoscelis sexlineata,H10,3,4,2025,12:54,1
Coluber constrictor,H27,3,5,2025,11:34,1
Anolis sagrei,H12,3,6,2025,13:06,1
Aspidoscelis sexlineata,H18,3,6,2025,13:21,1
Anolis carolinensis,H26,3,7,2025,11:01,1
Aspidoscelis sexlineata,H10,3,7,2025,11:08,1
Ophisaurus compressus,H26,3,7,2025,11:17,1
Aspidoscelis sexlineata,H18,3,7,2025,11:24,1
Aspidoscelis sexlineata,H10,3,7,2025,11:52,1
Aspidoscelis sexlineata,H5,3,7,2025,11:53,1
Aspidoscelis sexlineata,H18,3,7,2025,12:37,1
Coluber constrictor,H8,3,7,2025,12:52,1
Aspidoscelis sexlineata,H18,3,7,2025,13:21,1
Aspidoscelis sexlineata,H10,3,7,2025,14:22,1
Coluber constrictor,H3,3,7,2025,15:20,1
Terrapene carolina,H27,3,7,2025,17:45,1
Anolis carolinensis,H2,3,8,2025,10:13,1
Coluber constrictor,H11,3,8,2025,10:22,1
Aspidoscelis sexlineata,H18,3,8,2025,10:32,1
Aspidoscelis sexlineata,H18,3,8,2025,11:23,1
Coluber constrictor,H4,3,8,2025,11:47,1
Coluber constrictor,H12,3,8,2025,13:00,1
Coluber constrictor,H8,3,8,2025,13:06,1
Coluber constrictor,H3,3,8,2025,13:56,1
Masticophis flagellum,H16,3,8,2025,16:08,1
Coluber constrictor,H17,3,9,2025,9:27,1
Aspidoscelis sexlineata,H18,3,9,2025,11:07,1
Anolis sagrei,H2,3,9,2025,11:31,1
Aspidoscelis sexlineata,H5,3,9,2025,12:21,1
Aspidoscelis sexlineata,H10,3,9,2025,12:29,1
Aspidoscelis sexlineata,H18,3,9,2025,14:15,1
Aspidoscelis sexlineata,H18,3,9,2025,16:32,1
Coluber constrictor,H8,3,9,2025,19:03,1
Anaxyrus terrestris,H10,3,10,2025,1:29,1
Coluber constrictor,H27,3,11,2025,10:26,1
Anolis carolinensis,H15,3,11,2025,11:44,1
Aspidoscelis sexlineata,H7,3,11,2025,12:12,1
Coluber constrictor,H8,3,11,2025,12:20,1
Coluber constrictor,H15,3,11,2025,12:21,1
Coluber constrictor,H25,3,11,2025,12:30,1
Coluber constrictor,H17,3,11,2025,14:42,1
Aspidoscelis sexlineata,H10,3,11,2025,15:04,1
Aspidoscelis sexlineata,H18,3,11,2025,16:01,1
Thamnophis sirtalis,H28,3,12,2025,9:36,1
Coluber constrictor,H28,3,12,2025,10:44,1
Coluber constrictor,H25,3,12,2025,12:13,1
Anolis carolinensis,H13,3,12,2025,12:31,1
Aspidoscelis sexlineata,H7,3,12,2025,12:39,1
Masticophis flagellum,H5,3,12,2025,13:31,1
Coluber constrictor,H25,3,12,2025,13:59,1
Coluber constrictor,H8,3,12,2025,14:05,1
Aspidoscelis sexlineata,H10,3,12,2025,14:50,1
Aspidoscelis sexlineata,H16,3,12,2025,16:19,1
Coluber constrictor,H14,3,13,2025,11:32,1
Coluber constrictor,H12,3,13,2025,11:54,1
Aspidoscelis sexlineata,H18,3,13,2025,12:19,1
Coluber constrictor,H18,3,13,2025,13:05,1
Coluber constrictor,H15,3,13,2025,14:32,1
Aspidoscelis sexlineata,H18,3,13,2025,14:51,1
Coluber constrictor,H11,3,13,2025,16:20,1
Aspidoscelis sexlineata,H18,3,14,2025,10:14,1
Aspidoscelis sexlineata,H19,3,14,2025,11:05,1
Aspidoscelis sexlineata,H5,3,14,2025,11:21,1
Aspidoscelis sexlineata,H16,3,14,2025,11:37,1
Coluber constrictor,H26,3,14,2025,11:56,1
Aspidoscelis sexlineata,H19,3,14,2025,12:08,1
Aspidoscelis sexlineata,H18,3,14,2025,12:45,1
Aspidoscelis sexlineata,H16,3,14,2025,13:05,1
Plestiodon inexpectatus,H4,3,14,2025,13:40,1
Aspidoscelis sexlineata,H10,3,14,2025,13:49,1
Aspidoscelis sexlineata,H10,3,15,2025,9:52,1
Aspidoscelis sexlineata,H10,3,15,2025,11:06,1
Aspidoscelis sexlineata,H10,3,15,2025,11:50,1
Coluber constrictor,H4,3,15,2025,11:57,1
Pantherophis quadrivittatus,H2,3,15,2025,12:00,1
Coluber constrictor,H15,3,15,2025,12:11,1
Aspidoscelis sexlineata,H5,3,15,2025,13:10,1
Anolis sagrei,H14,3,15,2025,15:08,1
Aspidoscelis sexlineata,H10,3,15,2025,15:58,1
Anaxyrus terrestris,H9,3,15,2025,21:01,1
Masticophis flagellum,H18,3,16,2025,12:25,1
Masticophis flagellum,H5,3,16,2025,12:32,1
Aspidoscelis sexlineata,H18,3,16,2025,14:42,1
Coluber constrictor,H8,3,17,2025,10:07,1
Aspidoscelis sexlineata,H10,3,17,2025,10:54,1
Coluber constrictor,H8,3,17,2025,11:00,1
Coluber constrictor,H8,3,17,2025,11:32,1
Coluber constrictor,H3,3,17,2025,11:51,1
Coluber constrictor,H8,3,17,2025,12:39,1
Crotalus adamanteus,H2,3,17,2025,13:13,1
Anolis sagrei,H12,3,17,2025,13:22,1
Coluber constrictor,H15,3,17,2025,14:56,1
Aspidoscelis sexlineata,H18,3,17,2025,15:11,1
Anolis sagrei,H12,3,17,2025,15:21,1
Coluber constrictor,H8,3,17,2025,16:06,1
Aspidoscelis sexlineata,H18,3,17,2025,16:25,1
Anolis carolinensis,H27,3,18,2025,9:47,1
Coluber constrictor,H11,3,18,2025,11:07,1
Coluber constrictor,H8,3,18,2025,12:13,1
Aspidoscelis sexlineata,H18,3,18,2025,13:31,1
Coluber constrictor,H2,3,18,2025,14:02,1
Aspidoscelis sexlineata,H16,3,18,2025,15:13,1
Aspidoscelis sexlineata,H18,3,18,2025,15:25,1
Coluber constrictor,H27,3,18,2025,17:31,1
Aspidoscelis sexlineata,H10,3,19,2025,10:18,1
Aspidoscelis sexlineata,H10,3,19,2025,11:16,1
Aspidoscelis sexlineata,H7,3,19,2025,11:24,1
Coluber constrictor,H15,3,19,2025,11:43,1
Aspidoscelis sexlineata,H19,3,19,2025,13:45,1
Aspidoscelis sexlineata,H18,3,19,2025,13:47,1
Coluber constrictor,H14,3,19,2025,13:51,1
Anolis sagrei,H11,3,19,2025,14:55,1
Coluber constrictor,H8,3,19,2025,15:04,1
Coluber constrictor,H3,3,19,2025,16:11,1
Aspidoscelis sexlineata,H18,3,19,2025,16:52,1
Aspidoscelis sexlineata,H18,3,19,2025,17:59,1
Aspidoscelis sexlineata,H18,3,20,2025,9:40,1
Aspidoscelis sexlineata,H10,3,20,2025,10:00,1
Aspidoscelis sexlineata,H19,3,20,2025,10:35,1
Aspidoscelis sexlineata,H18,3,20,2025,10:54,1
Aspidoscelis sexlineata,H10,3,20,2025,10:58,1
Coluber constrictor,H17,3,20,2025,11:02,1
Aspidoscelis sexlineata,H7,3,20,2025,11:03,1
Dryophytes squirellus,H8,3,20,2025,11:09,1
Aspidoscelis sexlineata,H19,3,20,2025,11:13,1
Coluber constrictor,H8,3,20,2025,11:36,1
Coluber constrictor,H15,3,20,2025,11:50,1
Aspidoscelis sexlineata,H19,3,20,2025,12:19,1
Aspidoscelis sexlineata,H16,3,20,2025,13:42,1
Aspidoscelis sexlineata,H28,3,20,2025,14:15,1
Coluber constrictor,H4,3,20,2025,14:40,1
Aspidoscelis sexlineata,H18,3,20,2025,14:46,1
Aspidoscelis sexlineata,H18,3,21,2025,10:09,1
Coluber constrictor,H27,3,21,2025,10:15,1
Aspidoscelis sexlineata,H10,3,21,2025,10:42,1
Aspidoscelis sexlineata,H18,3,21,2025,12:07,1
Coluber constrictor,H4,3,21,2025,12:18,1
Aspidoscelis sexlineata,H10,3,21,2025,12:28,1
Coluber constrictor,H27,3,21,2025,12:43,1
Aspidoscelis sexlineata,H18,3,21,2025,12:59,1
Coluber constrictor,H15,3,21,2025,13:01,1
Coluber constrictor,H26,3,21,2025,13:36,1
Aspidoscelis sexlineata,H7,3,21,2025,13:45,1
Aspidoscelis sexlineata,H19,3,21,2025,13:48,1
Aspidoscelis sexlineata,H18,3,21,2025,13:59,1
Aspidoscelis sexlineata,H1,3,21,2025,14:03,1
Aspidoscelis sexlineata,H10,3,21,2025,14:25,1
Aspidoscelis sexlineata,H18,3,21,2025,14:31,1
Aspidoscelis sexlineata,H16,3,21,2025,14:41,1
Aspidoscelis sexlineata,H18,3,21,2025,15:16,1
Coluber constrictor,H25,3,21,2025,15:33,1
Aspidoscelis sexlineata,H5,3,21,2025,15:33,1
Coluber constrictor,H8,3,21,2025,16:59,1
Aspidoscelis sexlineata,H18,3,22,2025,10:07,1
Aspidoscelis sexlineata,H10,3,22,2025,11:06,1
Coluber constrictor,H28,3,22,2025,11:11,1
Aspidoscelis sexlineata,H18,3,22,2025,11:30,1
Aspidoscelis sexlineata,H7,3,22,2025,11:36,1
Aspidoscelis sexlineata,H7,3,22,2025,12:26,1
Aspidoscelis sexlineata,H18,3,22,2025,12:50,1
Aspidoscelis sexlineata,H10,3,22,2025,14:27,1
Aspidoscelis sexlineata,H7,3,22,2025,14:36,1
Coluber constrictor,H28,3,22,2025,14:40,1
Aspidoscelis sexlineata,H18,3,22,2025,15:49,1
Coluber constrictor,H8,3,22,2025,16:37,1
Aspidoscelis sexlineata,H18,3,23,2025,11:07,1
Aspidoscelis sexlineata,H10,3,23,2025,12:18,1
Aspidoscelis sexlineata,H7,3,23,2025,12:35,1
Coluber constrictor,H27,3,23,2025,13:05,1
Gopherus polyphemus,H16,3,23,2025,13:24,1
Anolis sagrei,H12,3,23,2025,13:51,1
Coluber constrictor,H3,3,23,2025,13:52,1
Aspidoscelis sexlineata,H10,3,23,2025,14:05,1
Aspidoscelis sexlineata,H16,3,23,2025,14:36,1
Coluber constrictor,H8,3,23,2025,15:39,1
Aspidoscelis sexlineata,H10,3,24,2025,10:18,1
Aspidoscelis sexlineata,H7,3,24,2025,10:49,1
Aspidoscelis sexlineata,H10,3,24,2025,11:35,1
Aspidoscelis sexlineata,H10,3,24,2025,12:08,1
Aspidoscelis sexlineata,H14,3,24,2025,12:26,1
Aspidoscelis sexlineata,H5,3,24,2025,13:08,1
Coluber constrictor,H25,3,24,2025,13:22,1
Aspidoscelis sexlineata,H19,3,24,2025,13:28,1
Aspidoscelis sexlineata,H7,3,24,2025,14:54,1
Anaxyrus terrestris,H10,3,24,2025,20:26,1
Thamnophis saurita,H15,3,24,2025,21:35,1
Aspidoscelis sexlineata,H13,3,25,2025,12:36,1
Aspidoscelis sexlineata,H7,3,25,2025,12:43,1
Coluber constrictor,H17,3,25,2025,13:34,1
Anolis carolinensis,H14,3,25,2025,14:46,1
Aspidoscelis sexlineata,H7,3,25,2025,14:48,1
Coluber constrictor,H15,3,25,2025,15:27,1
Aspidoscelis sexlineata,H5,3,25,2025,15:27,1
Plestiodon inexpectatus,H11,3,25,2025,15:43,1
Plestiodon inexpectatus,H11,3,25,2025,16:34,1
Plestiodon inexpectatus,H8,3,26,2025,9:12,1
Aspidoscelis sexlineata,H18,3,26,2025,9:14,1
Aspidoscelis sexlineata,H19,3,26,2025,10:02,1
Aspidoscelis sexlineata,H5,3,26,2025,10:05,1
Aspidoscelis sexlineata,H10,3,26,2025,10:31,1
Coluber constrictor,H8,3,26,2025,10:41,1
Aspidoscelis sexlineata,H19,3,26,2025,10:51,1
Aspidoscelis sexlineata,H5,3,26,2025,11:08,1
Coluber constrictor,H2,3,26,2025,11:37,1
Aspidoscelis sexlineata,H16,3,26,2025,11:41,1
Aspidoscelis sexlineata,H10,3,26,2025,11:51,1
Aspidoscelis sexlineata,H18,3,26,2025,12:02,1
Coluber constrictor,H27,3,26,2025,12:05,1
Aspidoscelis sexlineata,H7,3,26,2025,12:23,1
Aspidoscelis sexlineata,H19,3,26,2025,12:57,1
Aspidoscelis sexlineata,H18,3,26,2025,16:34,1
Aspidoscelis sexlineata,H10,3,27,2025,9:30,1
Plestiodon inexpectatus,H13,3,27,2025,9:33,1
Aspidoscelis sexlineata,H18,3,27,2025,10:20,1
Coluber constrictor,H11,3,27,2025,10:28,1
Aspidoscelis sexlineata,H18,3,27,2025,11:15,1
Aspidoscelis sexlineata,H25,3,27,2025,11:38,1
Aspidoscelis sexlineata,H18,3,27,2025,11:53,1
Aspidoscelis sexlineata,H5,3,27,2025,11:57,1
Anolis sagrei,H12,3,27,2025,13:36,1
Aspidoscelis sexlineata,H18,3,27,2025,14:50,1
Aspidoscelis sexlineata,H18,3,27,2025,17:25,1
Aspidoscelis sexlineata,H18,3,28,2025,9:58,1
Coluber constrictor,H17,3,28,2025,11:08,1
Aspidoscelis sexlineata,H18,3,28,2025,11:09,1
Aspidoscelis sexlineata,H13,3,28,2025,11:30,1
Aspidoscelis sexlineata,H5,3,28,2025,11:31,1
Aspidoscelis sexlineata,H16,3,28,2025,14:56,1
Plestiodon inexpectatus,H8,3,28,2025,15:06,1
Agkistrodon conanti,H12,3,28,2025,15:51,1
Aspidoscelis sexlineata,H18,3,29,2025,9:50,1
Aspidoscelis sexlineata,H7,3,29,2025,9:59,1
Anolis sagrei,H14,3,29,2025,10:24,1
Coluber constrictor,H18,3,29,2025,10:40,1
Aspidoscelis sexlineata,H16,3,29,2025,10:52,1
Coluber constrictor,H12,3,29,2025,11:07,1
Aspidoscelis sexlineata,H6,3,29,2025,11:51,1
Anolis sagrei,H14,3,29,2025,12:19,1
Aspidoscelis sexlineata,H7,3,29,2025,12:31,1
Plestiodon inexpectatus,H8,3,29,2025,12:45,1
Anolis sagrei,H2,3,29,2025,13:17,1
Aspidoscelis sexlineata,H6,3,29,2025,14:09,1
Aspidoscelis sexlineata,H13,3,29,2025,14:17,1
Coluber constrictor,H27,3,29,2025,16:57,1
Aspidoscelis sexlineata,H18,3,30,2025,9:05,1
Aspidoscelis sexlineata,H5,3,30,2025,9:22,1
Anolis sagrei,H12,3,30,2025,9:27,1
Coluber constrictor,H1,3,30,2025,9:44,1
Aspidoscelis sexlineata,H19,3,30,2025,9:49,1
Masticophis flagellum,H18,3,30,2025,10:14,1
Masticophis flagellum,H10,3,30,2025,10:16,1
Coluber constrictor,H2,3,30,2025,12:22,1
Coluber constrictor,H11,3,30,2025,12:23,1
Aspidoscelis sexlineata,H13,3,30,2025,13:25,1
Coluber constrictor,H1,3,31,2025,10:44,1
Aspidoscelis sexlineata,H18,3,31,2025,11:04,1
Aspidoscelis sexlineata,H16,3,31,2025,11:23,1
Aspidoscelis sexlineata,H6,3,31,2025,12:14,1
Aspidoscelis sexlineata,H16,3,31,2025,12:18,1
Aspidoscelis sexlineata,H10,3,31,2025,12:20,1
Pantherophis quadrivittatus,H15,3,31,2025,12:23,1
Plestiodon inexpectatus,H2,3,31,2025,13:19,1
Aspidoscelis sexlineata,H6,3,31,2025,13:31,1
Coluber constrictor,H4,3,31,2025,13:48,1
Aspidoscelis sexlineata,H18,3,31,2025,14:22,1
Aspidoscelis sexlineata,H5,3,31,2025,14:30,1
Coluber constrictor,H11,3,31,2025,14:36,1
Plestiodon inexpectatus,H15,3,31,2025,14:48,1
Plestiodon inexpectatus,H4,3,31,2025,15:08,1
Aspidoscelis sexlineata,H18,3,31,2025,15:30,1
Aspidoscelis sexlineata,H5,3,31,2025,15:42,1
Plestiodon inexpectatus,H14,3,31,2025,17:20,1
Aspidoscelis sexlineata,H18,4,1,2025,10:57,1
Aspidoscelis sexlineata,H18,4,1,2025,11:43,1
Coluber constrictor,H25,4,1,2025,11:47,1
Aspidoscelis sexlineata,H10,4,1,2025,11:54,1
Aspidoscelis sexlineata,H18,4,1,2025,12:27,1
Aspidoscelis sexlineata,H10,4,1,2025,12:38,1
Aspidoscelis sexlineata,H6,4,1,2025,12:59,1
Aspidoscelis sexlineata,H5,4,1,2025,13:02,1
Coluber constrictor,H8,4,1,2025,13:02,1
Aspidoscelis sexlineata,H13,4,1,2025,13:19,1
Coluber constrictor,H7,4,1,2025,13:50,1
Aspidoscelis sexlineata,H16,4,1,2025,14:05,1
Anaxyrus quercicus,H6,4,1,2025,14:08,1
Plestiodon inexpectatus,H12,4,1,2025,14:39,1
Aspidoscelis sexlineata,H18,4,1,2025,15:09,1
Coluber constrictor,H11,4,1,2025,15:17,1
Masticophis flagellum,H18,4,1,2025,15:23,1
Aspidoscelis sexlineata,H10,4,1,2025,15:42,1
Plestiodon inexpectatus,H12,4,1,2025,16:43,1
Aspidoscelis sexlineata,H18,4,1,2025,16:44,1
Aspidoscelis sexlineata,H13,4,1,2025,16:45,1
Plestiodon inexpectatus,H18,4,1,2025,18:46,1
Anaxyrus terrestris,H10,4,1,2025,20:14,1
Aspidoscelis sexlineata,H18,4,2,2025,8:52,1
Aspidoscelis sexlineata,H10,4,2,2025,10:22,1
Aspidoscelis sexlineata,H13,4,2,2025,10:53,1
Aspidoscelis sexlineata,H16,4,2,2025,11:12,1
Aspidoscelis sexlineata,H13,4,2,2025,11:24,1
Coluber constrictor,H12,4,2,2025,11:36,1
Aspidoscelis sexlineata,H13,4,2,2025,11:58,1
Coluber constrictor,H15,4,2,2025,12:05,1
Aspidoscelis sexlineata,H14,4,2,2025,12:07,1
Coluber constrictor,H2,4,2,2025,12:08,1
Coluber constrictor,H12,4,2,2025,12:14,1
Coluber constrictor,H11,4,2,2025,12:21,1
Coluber constrictor,H14,4,2,2025,12:29,1
Coluber constrictor,H1,4,2,2025,12:50,1
Coluber constrictor,H18,4,2,2025,12:51,1
Aspidoscelis sexlineata,H19,4,2,2025,13:32,1
Aspidoscelis sexlineata,H5,4,2,2025,13:47,1
Aspidoscelis sexlineata,H13,4,2,2025,14:03,1
Aspidoscelis sexlineata,H6,4,2,2025,14:29,1
Aspidoscelis sexlineata,H10,4,2,2025,14:46,1
Aspidoscelis sexlineata,H16,4,2,2025,15:02,1
Aspidoscelis sexlineata,H13,4,2,2025,15:48,1
Aspidoscelis sexlineata,H16,4,2,2025,15:59,1
Coluber constrictor,H11,4,2,2025,16:08,1
Coluber constrictor,H12,4,2,2025,16:13,1
Aspidoscelis sexlineata,H18,4,3,2025,8:34,1
Plestiodon inexpectatus,H13,4,3,2025,8:37,1
Coluber constrictor,H15,4,3,2025,10:56,1
Anaxryus quercicus,H16,4,3,2025,11:00,1
Coluber constrictor,H11,4,3,2025,11:50,1
Masticophis flagellum,H18,4,3,2025,12:17,1
Coluber constrictor,H11,4,3,2025,12:37,1
Coluber constrictor,H14,4,3,2025,12:44,1
Coluber constrictor,H2,4,3,2025,12:44,1
Coluber constrictor,H4,4,3,2025,12:54,1
Aspidoscelis sexlineata,H7,4,3,2025,13:32,1
Aspidoscelis sexlineata,H16,4,3,2025,14:11,1
Masticophis flagellum,H7,4,3,2025,14:21,1
Aspidoscelis sexlineata,H18,4,3,2025,14:35,1
Coluber constrictor,H18,4,3,2025,14:36,1
Aspidoscelis sexlineata,H6,4,3,2025,14:53,1
Aspidoscelis sexlineata,H13,4,3,2025,15:28,1
Coluber constrictor,H15,4,3,2025,15:29,1
Anaxryus quercicus,H16,4,3,2025,15:59,1
Coluber constrictor,H25,4,4,2025,3:26,1
Aspidoscelis sexlineata,H18,4,4,2025,8:18,1
Aspidoscelis sexlineata,H18,4,4,2025,9:18,1
Plestiodon inexpectatus,H2,4,4,2025,9:46,1
Aspidoscelis sexlineata,H10,4,4,2025,9:58,1
Aspidoscelis sexlineata,H16,4,4,2025,10:17,1
Aspidoscelis sexlineata,H5,4,4,2025,11:09,1
Aspidoscelis sexlineata,H6,4,4,2025,11:18,1
Aspidoscelis sexlineata,H7,4,4,2025,11:55,1
Aspidoscelis sexlineata,H5,4,4,2025,12:27,1
Aspidoscelis sexlineata,H7,4,4,2025,12:48,1
Coluber constrictor,H9,4,4,2025,13:01,1
Coluber constrictor,H15,4,4,2025,13:14,1
Aspidoscelis sexlineata,H18,4,4,2025,13:18,1
Aspidoscelis sexlineata,H16,4,4,2025,13:30,1
Aspidoscelis sexlineata,H18,4,4,2025,13:58,1
Aspidoscelis sexlineata,H13,4,4,2025,14:00,1
Coluber constrictor,H28,4,4,2025,14:18,1
Anolis sagrei,H11,4,4,2025,14:27,1
Aspidoscelis sexlineata,H10,4,4,2025,14:55,1
Aspidoscelis sexlineata,H16,4,4,2025,15:09,1
Aspidoscelis sexlineata,H13,4,4,2025,15:47,1
Coluber constrictor,H4,4,4,2025,15:55,1
Aspidoscelis sexlineata,H6,4,4,2025,15:55,1
Aspidoscelis sexlineata,H13,4,4,2025,16:18,1
Aspidoscelis sexlineata,H6,4,4,2025,16:31,1
Aspidoscelis sexlineata,H18,4,4,2025,16:33,1
Gopherus polyphemus,H16,4,4,2025,16:56,1
Aspidoscelis sexlineata,H13,4,4,2025,17:31,1
Aspidoscelis sexlineata,H18,4,5,2025,8:29,1
Aspidoscelis sexlineata,H5,4,5,2025,8:55,1
Masticophis flagellum,H6,4,5,2025,9:34,1
Aspidoscelis sexlineata,H5,4,5,2025,9:40,1
Aspidoscelis sexlineata,H16,4,5,2025,9:51,1
Coluber constrictor,H5,4,5,2025,9:57,1
Coluber constrictor,H18,4,5,2025,10:25,1
Coluber constrictor,H11,4,5,2025,10:35,1
Aspidoscelis sexlineata,H19,4,5,2025,10:49,1
Aspidoscelis sexlineata,H18,4,5,2025,10:51,1
Coluber constrictor,H1,4,5,2025,12:23,1
Aspidoscelis sexlineata,H18,4,5,2025,12:24,1
Coluber constrictor,H18,4,5,2025,12:34,1
Coluber constrictor,H10,4,5,2025,12:36,1
Aspidoscelis sexlineata,H13,4,5,2025,13:13,1
Aspidoscelis sexlineata,H19,4,5,2025,13:16,1
Coluber constrictor,H4,4,5,2025,14:00,1
Aspidoscelis sexlineata,H18,4,5,2025,14:11,1
Aspidoscelis sexlineata,H10,4,5,2025,14:28,1
Coluber constrictor,H2,4,5,2025,14:36,1
Aspidoscelis sexlineata,H13,4,5,2025,14:42,1
Masticophis flagellum,H18,4,5,2025,15:11,1
Aspidoscelis sexlineata,H13,4,5,2025,15:24,1
Aspidoscelis sexlineata,H19,4,5,2025,15:36,1
Aspidoscelis sexlineata,H16,4,5,2025,16:03,1
Gopherus polyphemus,H16,4,5,2025,16:07,1
Coluber constrictor,H4,4,5,2025,16:07,1
Aspidoscelis sexlineata,H6,4,5,2025,16:25,1
Aspidoscelis sexlineata,H13,4,5,2025,18:05,1
Plestiodon inexpectatus,H18,4,6,2025,8:27,1
Aspidoscelis sexlineata,H5,4,6,2025,8:57,1
Plestiodon inexpectatus,H8,4,6,2025,9:42,1
Aspidoscelis sexlineata,H16,4,6,2025,9:52,1
Anaxyrus quercicus,H6,4,6,2025,10:00,1
Aspidoscelis sexlineata,H10,4,6,2025,10:01,1
Aspidoscelis sexlineata,H6,4,6,2025,11:14,1
Aspidoscelis sexlineata,H19,4,6,2025,11:30,1
Coluber constrictor,H2,4,6,2025,12:01,1
Aspidoscelis sexlineata,H7,4,6,2025,12:13,1
Aspidoscelis sexlineata,H19,4,6,2025,12:56,1
Aspidoscelis sexlineata,H16,4,6,2025,13:49,1
Aspidoscelis sexlineata,H25,4,6,2025,14:10,1
Aspidoscelis sexlineata,H13,4,6,2025,14:18,1
Aspidoscelis sexlineata,H18,4,6,2025,14:28,1
Plestiodon inexpectatus,H8,4,6,2025,14:34,1
Aspidoscelis sexlineata,H13,4,6,2025,15:32,1
Aspidoscelis sexlineata,H16,4,6,2025,16:18,1
Aspidoscelis sexlineata,H13,4,6,2025,17:32,1
Terrapene carolina,H9,4,6,2025,17:50,1
Anaxyrus terrestris,H7,4,7,2025,0:12,1
Aspidoscelis sexlineata,H5,4,7,2025,8:49,1
Plestiodon inexpectatus,H8,4,7,2025,8:49,1
Aspidoscelis sexlineata,H18,4,7,2025,9:13,1
Aspidoscelis sexlineata,H7,4,7,2025,9:38,1
Aspidoscelis sexlineata,H10,4,7,2025,9:55,1
Coluber constrictor,H15,4,7,2025,11:13,1
Aspidoscelis sexlineata,H13,4,7,2025,11:23,1
Coluber constrictor,H4,4,7,2025,11:41,1
Coluber constrictor,H14,4,7,2025,11:50,1
Aspidoscelis sexlineata,H19,4,7,2025,12:20,1
Aspidoscelis sexlineata,H10,4,7,2025,12:59,1
Aspidoscelis sexlineata,H19,4,7,2025,13:02,1
Aspidoscelis sexlineata,H7,4,7,2025,14:03,1
Coluber constrictor,H8,4,7,2025,14:10,1
Coluber constrictor,H11,4,7,2025,14:12,1
Aspidoscelis sexlineata,H18,4,7,2025,14:12,1
Coluber constrictor,H4,4,7,2025,14:23,1
Aspidoscelis sexlineata,H16,4,7,2025,14:58,1
Aspidoscelis sexlineata,H13,4,7,2025,15:15,1
Aspidoscelis sexlineata,H6,4,7,2025,16:06,1
Coluber constrictor,H14,4,7,2025,16:33,1
Aspidoscelis sexlineata,H18,4,8,2025,14:04,1
Aspidoscelis sexlineata,H18,4,9,2025,9:07,1
Plestiodon inexpectatus,H8,4,9,2025,9:56,1
Aspidoscelis sexlineata,H13,4,9,2025,10:05,1
Aspidoscelis sexlineata,H5,4,9,2025,10:25,1
Aspidoscelis sexlineata,H13,4,9,2025,11:21,1
Aspidoscelis sexlineata,H10,4,9,2025,11:35,1
Aspidoscelis sexlineata,H6,4,9,2025,11:51,1
Aspidoscelis sexlineata,H18,4,9,2025,12:17,1
Coluber constrictor,H18,4,9,2025,13:08,1
Aspidoscelis sexlineata,H13,4,9,2025,14:28,1
Aspidoscelis sexlineata,H10,4,9,2025,14:56,1
Coluber constrictor,H27,4,9,2025,17:29,1
Aspidoscelis sexlineata,H18,4,10,2025,8:56,1
Plestiodon inexpectatus,H8,4,10,2025,9:21,1
Aspidoscelis sexlineata,H13,4,10,2025,9:27,1
Aspidoscelis sexlineata,H18,4,10,2025,9:41,1
Coluber constrictor,H1,4,10,2025,9:53,1
Aspidoscelis sexlineata,H5,4,10,2025,9:54,1
Coluber constrictor,H4,4,10,2025,9:58,1
Coluber constrictor,H16,4,10,2025,10:16,1
Aspidoscelis sexlineata,H5,4,10,2025,10:48,1
Aspidoscelis sexlineata,H6,4,10,2025,10:54,1
Masticophis flagellum,H18,4,10,2025,11:34,1
Aspidoscelis sexlineata,H10,4,10,2025,11:36,1
Coluber constrictor,H15,4,10,2025,12:17,1
Aspidoscelis sexlineata,H19,4,10,2025,12:24,1
Aspidoscelis sexlineata,H13,4,10,2025,12:42,1
Aspidoscelis sexlineata,H7,4,10,2025,12:58,1
Aspidoscelis sexlineata,H5,4,10,2025,13:27,1
Coluber constrictor,H4,4,10,2025,13:43,1
Aspidoscelis sexlineata,H16,4,10,2025,14:11,1
Aspidoscelis sexlineata,H13,4,10,2025,15:56,1
Plestiodon inexpectatus,H8,4,11,2025,8:45,1
Aspidoscelis sexlineata,H13,4,11,2025,8:59,1
Scincella lateralis,H11,4,11,2025,9:27,1
Aspidoscelis sexlineata,H6,4,11,2025,9:30,1
Aspidoscelis sexlineata,H10,4,11,2025,9:45,1
Aspidoscelis sexlineata,H5,4,11,2025,9:54,1
Aspidoscelis sexlineata,H13,4,11,2025,10:05,1
Aspidoscelis sexlineata,H18,4,11,2025,10:16,1
Anaxyrus quercicus,H8,4,11,2025,10:43,1
Aspidoscelis sexlineata,H19,4,11,2025,10:44,1
Aspidoscelis sexlineata,H5,4,11,2025,11:02,1
Coluber constrictor,H2,4,11,2025,11:21,1
Aspidoscelis sexlineata,H14,4,11,2025,11:29,1
Anaxyrus quercicus,H8,4,11,2025,11:30,1
Plestiodon inexpectatus,H4,4,11,2025,11:45,1
Anolis sagrei,H12,4,11,2025,12:01,1
Aspidoscelis sexlineata,H6,4,11,2025,12:17,1
Aspidoscelis sexlineata,H6,4,11,2025,13:10,1
Aspidoscelis sexlineata,H19,4,11,2025,13:28,1
Aspidoscelis sexlineata,H7,4,11,2025,13:30,1
Aspidoscelis sexlineata,H16,4,11,2025,13:49,1
Aspidoscelis sexlineata,H6,4,11,2025,14:38,1
Aspidoscelis sexlineata,H5,4,11,2025,15:08,1
Aspidoscelis sexlineata,H16,4,11,2025,15:43,1
Aspidoscelis sexlineata,H13,4,11,2025,16:48,1
Aspidoscelis sexlineata,H18,4,12,2025,9:02,1
Aspidoscelis sexlineata,H13,4,12,2025,9:13,1
Aspidoscelis sexlineata,H10,4,12,2025,9:41,1
Coluber constrictor,H6,4,12,2025,10:31,1
Aspidoscelis sexlineata,H28,4,12,2025,11:24,1
Coluber constrictor,H15,4,12,2025,11:26,1
Aspidoscelis sexlineata,H18,4,12,2025,12:04,1
Aspidoscelis sexlineata,H6,4,12,2025,15:17,1
Aspidoscelis sexlineata,H10,4,12,2025,16:01,1
Aspidoscelis sexlineata,H13,4,12,2025,16:39,1
Aspidoscelis sexlineata,H18,4,13,2025,8:55,1
Plestiodon inexpectatus,H8,4,13,2025,9:14,1
Aspidoscelis sexlineata,H10,4,13,2025,9:39,1
Aspidoscelis sexlineata,H16,4,13,2025,9:58,1
Anolis sagrei,H14,4,13,2025,10:10,1
Aspidoscelis sexlineata,H10,4,13,2025,10:57,1
Anolis sagrei,H14,4,13,2025,11:10,1
Aspidoscelis sexlineata,H10,4,13,2025,11:49,1
Aspidoscelis sexlineata,H19,4,13,2025,11:49,1
Aspidoscelis sexlineata,H19,4,13,2025,12:43,1
Aspidoscelis sexlineata,H19,4,13,2025,13:48,1
Aspidoscelis sexlineata,H13,4,13,2025,14:06,1
Aspidoscelis sexlineata,H10,4,13,2025,15:13,1
Plestiodon inexpectatus,H11,4,13,2025,15:22,1
Aspidoscelis sexlineata,H13,4,13,2025,15:51,1
Aspidoscelis sexlineata,H13,4,13,2025,16:32,1
Aspidoscelis sexlineata,H18,4,14,2025,9:03,1
Plestiodon inexpectatus,H8,4,14,2025,9:32,1
Aspidoscelis sexlineata,H6,4,14,2025,10:20,1
Aspidoscelis sexlineata,H14,4,14,2025,10:38,1
Aspidoscelis sexlineata,H1,4,14,2025,10:51,1
Aspidoscelis sexlineata,H18,4,14,2025,10:52,1
Aspidoscelis sexlineata,H6,4,14,2025,10:58,1
Aspidoscelis sexlineata,H14,4,14,2025,11:12,1
Aspidoscelis sexlineata,H6,4,14,2025,11:40,1
Aspidoscelis sexlineata,H18,4,14,2025,11:53,1
Aspidoscelis sexlineata,H14,4,14,2025,12:10,1
Aspidoscelis sexlineata,H6,4,14,2025,12:38,1
Anolis carolinensis,H15,4,14,2025,13:20,1
Aspidoscelis sexlineata,H6,4,14,2025,13:30,1
Coluber constrictor,H28,4,14,2025,13:31,1
Aspidoscelis sexlineata,H6,4,14,2025,15:16,1
Aspidoscelis sexlineata,H13,4,14,2025,16:39,1
Aspidoscelis sexlineata,H6,4,14,2025,17:23,1
Anaxryus terrestris,H18,4,15,2025,0:40,1
Anaxyrus terrestris,H7,4,15,2025,1:29,1
Plestiodon inexpectatus,H8,4,15,2025,9:16,1
Coluber constrictor,H8,4,15,2025,9:21,1
Aspidoscelis sexlineata,H16,4,15,2025,9:30,1
Aspidoscelis sexlineata,H5,4,15,2025,9:40,1
Coluber constrictor,H25,4,15,2025,10:09,1
Aspidoscelis sexlineata,H13,4,15,2025,10:21,1
Coluber constrictor,H8,4,15,2025,10:31,1
Aspidoscelis sexlineata,H6,4,15,2025,10:33,1
Aspidoscelis sexlineata,H13,4,15,2025,11:12,1
Aspidoscelis sexlineata,H14,4,15,2025,11:55,1
Aspidoscelis sexlineata,H5,4,15,2025,12:19,1
Aspidoscelis sexlineata,H13,4,15,2025,12:22,1
Aspidoscelis sexlineata,H18,4,15,2025,12:58,1
Coluber constrictor,H25,4,15,2025,13:00,1
Aspidoscelis sexlineata,H6,4,15,2025,13:12,1
Aspidoscelis sexlineata,H10,4,15,2025,15:01,1
Coluber constrictor,H8,4,15,2025,15:32,1
Aspidoscelis sexlineata,H18,4,15,2025,16:38,1
Aspidoscelis sexlineata,H13,4,15,2025,16:42,1
Aspidoscelis sexlineata,H18,4,16,2025,8:51,1
Plestiodon inexpectatus,H8,4,16,2025,9:01,1
Aspidoscelis sexlineata,H16,4,16,2025,9:39,1
Aspidoscelis sexlineata,H7,4,16,2025,10:09,1
Aspidoscelis sexlineata,H10,4,16,2025,10:11,1
Aspidoscelis sexlineata,H18,4,16,2025,10:38,1
Aspidoscelis sexlineata,H14,4,16,2025,10:44,1
Aspidoscelis sexlineata,H10,4,16,2025,11:00,1
Aspidoscelis sexlineata,H19,4,16,2025,11:01,1
Aspidoscelis sexlineata,H6,4,16,2025,11:36,1
Coluber constrictor,H15,4,16,2025,12:04,1
Coluber constrictor,H16,4,16,2025,12:20,1
Aspidoscelis sexlineata,H13,4,16,2025,13:04,1
Aspidoscelis sexlineata,H6,4,16,2025,14:26,1
Aspidoscelis sexlineata,H13,4,16,2025,15:04,1
Coluber constrictor,H8,4,16,2025,15:34,1
Anolis carolinensis,H10,4,16,2025,16:59,1
Aspidoscelis sexlineata,H18,4,17,2025,8:35,1
Plestiodon inexpectatus,H8,4,17,2025,9:20,1
Anolis sagrei,H14,4,17,2025,9:34,1
Aspidoscelis sexlineata,H5,4,17,2025,9:47,1
Coluber constrictor,H8,4,17,2025,9:58,1
Aspidoscelis sexlineata,H10,4,17,2025,10:32,1
Aspidoscelis sexlineata,H14,4,17,2025,10:32,1
Aspidoscelis sexlineata,H7,4,17,2025,10:37,1
Aspidoscelis sexlineata,H18,4,17,2025,10:47,1
Aspidoscelis sexlineata,H13,4,17,2025,11:07,1
Terrapene carolina,H9,4,17,2025,11:25,1
Aspidoscelis sexlineata,H14,4,17,2025,11:37,1
Anolis sagrei,H14,4,17,2025,11:39,1
Aspidoscelis sexlineata,H10,4,17,2025,11:41,1
Aspidoscelis sexlineata,H10,4,17,2025,13:38,1
Aspidoscelis sexlineata,H18,4,17,2025,13:57,1
Aspidoscelis sexlineata,H13,4,17,2025,14:10,1
Aspidoscelis sexlineata,H16,4,17,2025,14:51,1
Anaxryus quercicus,H16,4,17,2025,14:57,1
Aspidoscelis sexlineata,H6,4,17,2025,15:01,1
Aspidoscelis sexlineata,H13,4,17,2025,15:15,1
Aspidoscelis sexlineata,H18,4,17,2025,16:39,1
Aspidoscelis sexlineata,H18,4,18,2025,9:11,1
Aspidoscelis sexlineata,H13,4,18,2025,10:00,1
Aspidoscelis sexlineata,H18,4,18,2025,10:00,1
Aspidoscelis sexlineata,H11,4,18,2025,10:50,1
Aspidoscelis sexlineata,H18,4,18,2025,10:55,1
Coluber constrictor,H8,4,18,2025,11:19,1
Aspidoscelis sexlineata,H10,4,18,2025,11:46,1
Aspidoscelis sexlineata,H13,4,18,2025,12:06,1
Aspidoscelis sexlineata,H6,4,18,2025,12:25,1
Aspidoscelis sexlineata,H18,4,18,2025,12:37,1
Aspidoscelis sexlineata,H19,4,18,2025,12:41,1
Aspidoscelis sexlineata,H6,4,18,2025,13:20,1
Aspidoscelis sexlineata,H13,4,18,2025,14:12,1
Coluber constrictor,H11,4,18,2025,15:03,1
Aspidoscelis sexlineata,H13,4,18,2025,17:21,1
Aspidoscelis sexlineata,H6,4,18,2025,18:06,1
Aspidoscelis sexlineata,H18,4,19,2025,8:22,1
Plestiodon inexpectatus,H8,4,19,2025,8:33,1
Aspidoscelis sexlineata,H18,4,19,2025,9:21,1
Plestiodon inexpectatus,H7,4,19,2025,9:34,1
Aspidoscelis sexlineata,H16,4,19,2025,9:59,1
Aspidoscelis sexlineata,H13,4,19,2025,10:17,1
Aspidoscelis sexlineata,H14,4,19,2025,10:37,1
Aspidoscelis sexlineata,H18,4,19,2025,11:06,1
Coluber constrictor,H11,4,19,2025,11:32,1
Coluber constrictor,H4,4,19,2025,12:16,1
Anaxryus quercicus,H16,4,19,2025,12:19,1
Aspidoscelis sexlineata,H13,4,19,2025,12:32,1
Aspidoscelis sexlineata,H6,4,19,2025,12:41,1
Aspidoscelis sexlineata,H18,4,19,2025,14:27,1
Plestiodon inexpectatus,H8,4,20,2025,9:14,1
Aspidoscelis sexlineata,H18,4,20,2025,9:25,1
Aspidoscelis sexlineata,H10,4,20,2025,9:53,1
Plestiodon inexpectatus,H8,4,20,2025,9:54,1
Aspidoscelis sexlineata,H5,4,20,2025,9:56,1
Aspidoscelis sexlineata,H13,4,20,2025,10:13,1
Aspidoscelis sexlineata,H16,4,20,2025,10:56,1
Aspidoscelis sexlineata,H13,4,20,2025,11:37,1
Coluber constrictor,H18,4,20,2025,12:09,1
Coluber constrictor,H10,4,20,2025,12:12,1
Aspidoscelis sexlineata,H16,4,20,2025,12:17,1
Aspidoscelis sexlineata,H2,4,20,2025,13:10,1
Aspidoscelis sexlineata,H6,4,20,2025,14:35,1
Aspidoscelis sexlineata,H10,4,20,2025,15:19,1
Aspidoscelis sexlineata,H13,4,20,2025,15:20,1
Aspidoscelis sexlineata,H18,4,20,2025,15:39,1
Plestiodon inexpectatus,H8,4,21,2025,8:43,1
Aspidoscelis sexlineata,H18,4,21,2025,9:25,1
Aspidoscelis sexlineata,H13,4,21,2025,9:59,1
Aspidoscelis sexlineata,H10,4,21,2025,10:00,1
Aspidoscelis sexlineata,H16,4,21,2025,10:08,1
Aspidoscelis sexlineata,H5,4,21,2025,10:21,1
Aspidoscelis sexlineata,H19,4,21,2025,10:35,1
Aspidoscelis sexlineata,H13,4,21,2025,10:41,1
Coluber constrictor,H8,4,21,2025,10:46,1
Aspidoscelis sexlineata,H6,4,21,2025,11:24,1
Coluber constrictor,H11,4,21,2025,11:46,1
Aspidoscelis sexlineata,H14,4,21,2025,12:49,1
Aspidoscelis sexlineata,H18,4,21,2025,12:52,1
Aspidoscelis sexlineata,H6,4,21,2025,13:48,1
Aspidoscelis sexlineata,H18,4,21,2025,14:21,1
Aspidoscelis sexlineata,H7,4,21,2025,14:24,1
Aspidoscelis sexlineata,H7,4,21,2025,15:16,1
Aspidoscelis sexlineata,H13,4,21,2025,15:43,1
Coluber constrictor,H25,4,21,2025,16:39,1
Aspidoscelis sexlineata,H13,4,22,2025,8:51,1
Plestiodon inexpectatus,H7,4,22,2025,9:12,1
Plestiodon inexpectatus,H8,4,22,2025,9:15,1
Aspidoscelis sexlineata,H7,4,22,2025,9:27,1
Aspidoscelis sexlineata,H13,4,22,2025,9:39,1
Aspidoscelis sexlineata,H10,4,22,2025,9:50,1
Aspidoscelis sexlineata,H16,4,22,2025,9:57,1
Aspidoscelis sexlineata,H14,4,22,2025,10:42,1
Coluber constrictor,H8,4,22,2025,11:43,1
Aspidoscelis sexlineata,H18,4,22,2025,12:38,1
Aspidoscelis sexlineata,H7,4,22,2025,12:57,1
Aspidoscelis sexlineata,H10,4,22,2025,14:44,1
Aspidoscelis sexlineata,H13,4,22,2025,16:23,1
Aspidoscelis sexlineata,H6,4,22,2025,17:34,1
Plestiodon inexpectatus,H8,4,23,2025,8:35,1
Aspidoscelis sexlineata,H18,4,23,2025,8:38,1
Aspidoscelis sexlineata,H13,4,23,2025,9:12,1
Aspidoscelis sexlineata,H10,4,23,2025,9:24,1
Aspidoscelis sexlineata,H19,4,23,2025,9:26,1
Aspidoscelis sexlineata,H18,4,23,2025,9:45,1
Aspidoscelis sexlineata,H14,4,23,2025,10:19,1
Scincella lateralis,H14,4,23,2025,10:38,1
Aspidoscelis sexlineata,H6,4,23,2025,10:44,1
Aspidoscelis sexlineata,H13,4,23,2025,11:06,1
Masticophis flagellum,H16,4,23,2025,11:12,1
Aspidoscelis sexlineata,H10,4,23,2025,11:14,1
Anolis sagrei,H12,4,23,2025,11:18,1
Aspidoscelis sexlineata,H19,4,23,2025,11:46,1
Masticophis flagellum,H18,4,23,2025,13:24,1
Aspidoscelis sexlineata,H18,4,23,2025,14:18,1
Aspidoscelis sexlineata,H16,4,23,2025,14:31,1
Aspidoscelis sexlineata,H13,4,23,2025,16:39,1
Aspidoscelis sexlineata,H13,4,24,2025,9:07,1
Plestiodon inexpectatus,H8,4,24,2025,9:26,1
Aspidoscelis sexlineata,H18,4,24,2025,9:35,1
Aspidoscelis sexlineata,H10,4,24,2025,10:04,1
Aspidoscelis sexlineata,H19,4,24,2025,10:41,1
Aspidoscelis sexlineata,H13,4,24,2025,10:52,1
Aspidoscelis sexlineata,H7,4,24,2025,12:10,1
Aspidoscelis sexlineata,H13,4,24,2025,13:34,1
Aspidoscelis sexlineata,H16,4,24,2025,14:20,1
Aspidoscelis sexlineata,H6,4,24,2025,14:21,1
Aspidoscelis sexlineata,H13,4,24,2025,14:55,1
Aspidoscelis sexlineata,H13,4,24,2025,16:53,1
Plestiodon inexpectatus,H8,4,25,2025,8:01,1
Aspidoscelis sexlineata,H13,4,25,2025,8:55,1
Plestiodon inexpectatus,H8,4,25,2025,8:58,1
Plestiodon inexpectatus,H4,4,25,2025,9:12,1
Aspidoscelis sexlineata,H7,4,25,2025,9:35,1
Aspidoscelis sexlineata,H10,4,25,2025,10:19,1
Aspidoscelis sexlineata,H10,4,25,2025,12:06,1
Coluber constrictor,H25,4,25,2025,13:59,1
Coluber constrictor,H8,4,25,2025,14:08,1
Aspidoscelis sexlineata,H18,4,25,2025,14:35,1
Aspidoscelis sexlineata,H13,4,25,2025,14:39,1
Aspidoscelis sexlineata,H7,4,25,2025,15:36,1
Coluber constrictor,H4,4,25,2025,17:15,1
Aspidoscelis sexlineata,H13,4,25,2025,17:17,1
Plestiodon inexpectatus,H8,4,26,2025,8:16,1
Aspidoscelis sexlineata,H18,4,26,2025,8:41,1
Aspidoscelis sexlineata,H10,4,26,2025,8:58,1
Aspidoscelis sexlineata,H16,4,26,2025,9:06,1
Aspidoscelis sexlineata,H7,4,26,2025,9:10,1
Aspidoscelis sexlineata,H13,4,26,2025,9:45,1
Anolis sagrei,H2,4,26,2025,9:53,1
Pantherophis quadrivittatus,H12,4,26,2025,10:53,1
Aspidoscelis sexlineata,H14,4,26,2025,10:58,1
Aspidoscelis sexlineata,H6,4,26,2025,11:12,1
Aspidoscelis sexlineata,H19,4,26,2025,11:35,1
Gopherus polyphemus,H16,4,26,2025,11:53,1
Aspidoscelis sexlineata,H16,4,26,2025,11:56,1
Aspidoscelis sexlineata,H13,4,26,2025,12:01,1
Aspidoscelis sexlineata,H6,4,26,2025,12:38,1
Aspidoscelis sexlineata,H6,4,26,2025,13:19,1
Aspidoscelis sexlineata,H19,4,26,2025,15:06,1
Aspidoscelis sexlineata,H13,4,26,2025,16:04,1
Plestiodon inexpectatus,H8,4,27,2025,8:42,1
Aspidoscelis sexlineata,H16,4,27,2025,8:44,1
Aspidoscelis sexlineata,H10,4,27,2025,8:55,1
Aspidoscelis sexlineata,H13,4,27,2025,9:00,1
Aspidoscelis sexlineata,H18,4,27,2025,9:28,1
Aspidoscelis sexlineata,H10,4,27,2025,9:32,1
Aspidoscelis sexlineata,H5,4,27,2025,9:32,1
Aspidoscelis sexlineata,H7,4,27,2025,10:00,1
Anolis sagrei,H14,4,27,2025,10:39,1
Aspidoscelis sexlineata,H19,4,27,2025,10:42,1
Aspidoscelis sexlineata,H10,4,27,2025,10:58,1
Aspidoscelis sexlineata,H6,4,27,2025,11:43,1
Aspidoscelis sexlineata,H13,4,27,2025,13:03,1
Anolis sagrei,H2,4,27,2025,13:04,1
Aspidoscelis sexlineata,H14,4,27,2025,13:18,1
Aspidoscelis sexlineata,H18,4,27,2025,13:27,1
Aspidoscelis sexlineata,H10,4,27,2025,13:42,1
Aspidoscelis sexlineata,H6,4,27,2025,14:42,1
Aspidoscelis sexlineata,H13,4,27,2025,17:08,1
Aspidoscelis sexlineata,H16,4,28,2025,8:38,1
Coluber constrictor,H1,4,28,2025,8:40,1
Aspidoscelis sexlineata,H18,4,28,2025,8:43,1
Plestiodon inexpectatus,H8,4,28,2025,8:45,1
Plestiodon inexpectatus,H4,4,28,2025,9:14,1
Anolis sagrei,H2,4,28,2025,9:34,1
Aspidoscelis sexlineata,H16,4,28,2025,10:03,1
Aspidoscelis sexlineata,H10,4,28,2025,10:27,1
Aspidoscelis sexlineata,H13,4,28,2025,11:20,1
Aspidoscelis sexlineata,H19,4,28,2025,13:29,1
Plestiodon inexpectatus,H4,4,28,2025,14:48,1
Aspidoscelis sexlineata,H18,4,28,2025,17:04,1
Plestiodon inexpectatus,H3,4,29,2025,8:30,1
Aspidoscelis sexlineata,H10,4,29,2025,9:51,1
Aspidoscelis sexlineata,H25,4,29,2025,10:14,1
Aspidoscelis sexlineata,H10,4,29,2025,11:47,1
Aspidoscelis sexlineata,H7,4,29,2025,12:04,1
Aspidoscelis sexlineata,H10,4,29,2025,12:47,1
Aspidoscelis sexlineata,H18,4,29,2025,13:18,1
Aspidoscelis sexlineata,H13,4,29,2025,13:56,1
Aspidoscelis sexlineata,H18,4,29,2025,16:29,1
Masticophis flagellum,H5,4,29,2025,17:11,1
Plestiodon inexpectatus,H8,4,30,2025,8:29,1
Aspidoscelis sexlineata,H16,4,30,2025,9:48,1
Aspidoscelis sexlineata,H10,4,30,2025,10:02,1
Anolis carolinensis,H2,4,30,2025,10:30,1
Aspidoscelis sexlineata,H14,4,30,2025,10:53,1
Aspidoscelis sexlineata,H19,4,30,2025,11:54,1
Aspidoscelis sexlineata,H19,4,30,2025,16:25,1
Aspidoscelis sexlineata,H19,4,30,2025,17:10,1
Aspidoscelis sexlineata,H6,4,30,2025,18:13,1
Aspidoscelis sexlineata,H18,5,1,2025,8:39,1
Plestiodon inexpectatus,H8,5,1,2025,8:39,1
Aspidoscelis sexlineata,H13,5,1,2025,8:46,1
Aspidoscelis sexlineata,H16,5,1,2025,9:13,1
Aspidoscelis sexlineata,H10,5,1,2025,9:16,1
Aspidoscelis sexlineata,H18,5,1,2025,9:22,1
Aspidoscelis sexlineata,H19,5,1,2025,9:40,1
Anolis carolinensis,H2,5,1,2025,9:59,1
Anolis sagrei,H2,5,1,2025,9:59,1
Coluber constrictor,H10,5,1,2025,11:17,1
Aspidoscelis sexlineata,H7,5,1,2025,12:28,1
Aspidoscelis sexlineata,H18,5,1,2025,13:55,1
Aspidoscelis sexlineata,H6,5,1,2025,14:30,1
Aspidoscelis sexlineata,H10,5,1,2025,14:33,1
Aspidoscelis sexlineata,H10,5,1,2025,15:31,1
Coluber constrictor,H16,5,2,2025,9:00,1
Plestiodon inexpectatus,H8,5,2,2025,9:06,1
Aspidoscelis sexlineata,H13,5,2,2025,9:15,1
Aspidoscelis sexlineata,H10,5,2,2025,10:17,1
Coluber constrictor,H12,5,2,2025,11:01,1
Coluber constrictor,H8,5,2,2025,11:10,1
Aspidoscelis sexlineata,H19,5,2,2025,11:53,1
Aspidoscelis sexlineata,H10,5,2,2025,12:00,1
Aspidoscelis sexlineata,H6,5,2,2025,13:03,1
Aspidoscelis sexlineata,H18,5,2,2025,13:12,1
Aspidoscelis sexlineata,H10,5,2,2025,14:36,1
Aspidoscelis sexlineata,H13,5,2,2025,14:45,1
Coluber constrictor,H27,5,2,2025,17:05,1
Coluber constrictor,H4,5,2,2025,17:47,1
Plestiodon inexpectatus,H8,5,3,2025,8:08,1
Coluber constrictor,H27,5,3,2025,8:34,1
Aspidoscelis sexlineata,H13,5,3,2025,8:46,1
Plestiodon inexpectatus,H8,5,3,2025,9:06,1
Coluber constrictor,H8,5,3,2025,10:10,1
Aspidoscelis sexlineata,H6,5,3,2025,11:22,1
Aspidoscelis sexlineata,H19,5,3,2025,11:59,1
Aspidoscelis sexlineata,H6,5,3,2025,12:37,1
Masticophis flagellum,H16,5,3,2025,12:44,1
Aspidoscelis sexlineata,H10,5,3,2025,14:32,1
Aspidoscelis sexlineata,H13,5,3,2025,14:59,1
Aspidoscelis sexlineata,H6,5,3,2025,15:04,1
Aspidoscelis sexlineata,H18,5,4,2025,13:09,1
Aspidoscelis sexlineata,H10,5,4,2025,13:45,1
Aspidoscelis sexlineata,H6,5,4,2025,14:01,1
Aspidoscelis sexlineata,H10,5,4,2025,14:17,1
Aspidoscelis sexlineata,H19,5,4,2025,15:18,1
Coluber constrictor,H16,5,4,2025,15:23,1
Aspidoscelis sexlineata,H6,5,4,2025,16:00,1
Aspidoscelis sexlineata,H7,5,4,2025,16:59,1
Coluber constrictor,H27,5,4,2025,17:25,1
Aspidoscelis sexlineata,H18,5,5,2025,9:08,1
Aspidoscelis sexlineata,H13,5,5,2025,9:56,1
Aspidoscelis sexlineata,H6,5,5,2025,10:35,1
Aspidoscelis sexlineata,H19,5,5,2025,10:47,1
Coluber constrictor,H4,5,5,2025,10:48,1
Aspidoscelis sexlineata,H19,5,5,2025,12:10,1
Aspidoscelis sexlineata,H13,5,5,2025,12:34,1
Coluber constrictor,H2,5,5,2025,12:39,1
Aspidoscelis sexlineata,H19,5,5,2025,12:40,1
Aspidoscelis sexlineata,H10,5,5,2025,12:52,1
Aspidoscelis sexlineata,H6,5,5,2025,13:07,1
Coluber constrictor,H2,5,5,2025,13:09,1
Aspidoscelis sexlineata,H19,5,5,2025,13:22,1
Aspidoscelis sexlineata,H13,5,5,2025,13:36,1
Aspidoscelis sexlineata,H18,5,5,2025,13:36,1
Aspidoscelis sexlineata,H19,5,5,2025,13:57,1
Anaxyrus quercicus,H6,5,5,2025,13:59,1
Aspidoscelis sexlineata,H10,5,5,2025,14:16,1
Aspidoscelis sexlineata,H6,5,5,2025,14:23,1
Aspidoscelis sexlineata,H6,5,5,2025,15:44,1
Plestiodon inexpectatus,H8,5,6,2025,8:37,1
Coluber constrictor,H25,5,6,2025,8:57,1
Anolis sagrei,H2,5,6,2025,9:43,1
Aspidoscelis sexlineata,H10,5,6,2025,9:45,1
Coluber constrictor,H25,5,6,2025,10:32,1
Aspidoscelis sexlineata,H10,5,6,2025,10:43,1
Aspidoscelis sexlineata,H19,5,6,2025,10:49,1
Aspidoscelis sexlineata,H6,5,6,2025,11:00,1
Aspidoscelis sexlineata,H18,5,6,2025,11:07,1
Aspidoscelis sexlineata,H19,5,6,2025,11:27,1
Coluber constrictor,H16,5,6,2025,11:31,1
Aspidoscelis sexlineata,H10,5,6,2025,12:00,1
Coluber constrictor,H12,5,6,2025,12:45,1
Aspidoscelis sexlineata,H13,5,6,2025,12:59,1
Aspidoscelis sexlineata,H6,5,6,2025,13:13,1
Coluber constrictor,H2,5,6,2025,13:23,1
Aspidoscelis sexlineata,H10,5,6,2025,14:17,1
Aspidoscelis sexlineata,H6,5,6,2025,14:35,1
Aspidoscelis sexlineata,H13,5,6,2025,14:40,1
Aspidoscelis sexlineata,H13,5,6,2025,15:56,1
Aspidoscelis sexlineata,H10,5,7,2025,9:45,1
Crotalus adamanteus,H2,5,7,2025,10:55,1
Crotalus adamanteus,H11,5,7,2025,11:25,1
Aspidoscelis sexlineata,H10,5,7,2025,11:33,1
Aspidoscelis sexlineata,H7,5,7,2025,11:35,1
Gopherus polyphemus,H16,5,7,2025,12:15,1
Aspidoscelis sexlineata,H13,5,7,2025,13:43,1
Aspidoscelis sexlineata,H9,5,7,2025,15:19,1
Aspidoscelis sexlineata,H13,5,7,2025,15:34,1
Aspidoscelis sexlineata,H18,5,7,2025,16:27,1
Anaxyrus terrestris,H7,5,7,2025,21:03,1
Aspidoscelis sexlineata,H18,5,8,2025,8:31,1
Aspidoscelis sexlineata,H10,5,8,2025,8:51,1
Masticophis flagellum,H6,5,8,2025,9:45,1
Aspidoscelis sexlineata,H19,5,8,2025,10:30,1
Aspidoscelis sexlineata,H10,5,8,2025,11:02,1
Aspidoscelis sexlineata,H6,5,8,2025,13:21,1
Aspidoscelis sexlineata,H6,5,8,2025,15:03,1
Aspidoscelis sexlineata,H13,5,8,2025,16:33,1
Aspidoscelis sexlineata,H18,5,9,2025,8:25,1
Plestiodon inexpectatus,H8,5,9,2025,8:25,1
Coluber constrictor,H8,5,9,2025,9:35,1
Anolis sagrei,H14,5,9,2025,9:41,1
Coluber constrictor,H4,5,9,2025,10:23,1
Aspidoscelis sexlineata,H13,5,9,2025,10:48,1
Aspidoscelis sexlineata,H18,5,9,2025,11:08,1
Coluber constrictor,H11,5,9,2025,11:48,1
Aspidoscelis sexlineata,H16,5,9,2025,12:00,1
Aspidoscelis sexlineata,H19,5,9,2025,12:20,1
Aspidoscelis sexlineata,H5,5,9,2025,12:48,1
Aspidoscelis sexlineata,H13,5,9,2025,12:57,1
Aspidoscelis sexlineata,H19,5,9,2025,13:11,1
Aspidoscelis sexlineata,H18,5,9,2025,14:43,1
Aspidoscelis sexlineata,H1,5,9,2025,14:47,1
Anolis sagrei,H14,5,9,2025,15:37,1
Aspidoscelis sexlineata,H13,5,9,2025,15:55,1
Aspidoscelis sexlineata,H13,5,9,2025,16:39,1
Anaxryus quercicus,H16,5,9,2025,16:43,1
Aspidoscelis sexlineata,H6,5,10,2025,9:50,1
Aspidoscelis sexlineata,H16,5,10,2025,10:39,1
Anolis sagrei,H14,5,10,2025,10:56,1
Aspidoscelis sexlineata,H10,5,10,2025,10:59,1
Coluber constrictor,H14,5,10,2025,11:10,1
Coluber constrictor,H16,5,10,2025,11:23,1
Aspidoscelis sexlineata,H6,5,10,2025,11:28,1
Gopherus polyphemus,H19,5,10,2025,11:38,1
Aspidoscelis sexlineata,H19,5,10,2025,12:18,1
Aspidoscelis sexlineata,H13,5,10,2025,12:28,1
Aspidoscelis sexlineata,H5,5,10,2025,13:11,1
Aspidoscelis sexlineata,H13,5,10,2025,13:30,1
Coluber constrictor,H11,5,10,2025,13:36,1
Coluber constrictor,H2,5,10,2025,13:36,1
Aspidoscelis sexlineata,H16,5,10,2025,14:07,1
Gopherus polyphemus,H19,5,11,2025,12:30,1
Aspidoscelis sexlineata,H6,5,11,2025,13:25,1
Aspidoscelis sexlineata,H18,5,13,2025,10:47,1
Aspidoscelis sexlineata,H16,5,13,2025,11:45,1
Anaxyrus quercicus,H6,5,13,2025,12:02,1
Aspidoscelis sexlineata,H6,5,13,2025,12:04,1
Aspidoscelis sexlineata,H13,5,13,2025,12:16,1
Aspidoscelis sexlineata,H18,5,13,2025,12:46,1
Aspidoscelis sexlineata,H13,5,13,2025,13:32,1
Aspidoscelis sexlineata,H16,5,13,2025,14:06,1
Aspidoscelis sexlineata,H10,5,13,2025,14:09,1
Coluber constrictor,H5,5,13,2025,16:14,1
Coluber constrictor,H11,5,13,2025,16:17,1
Anaxyrus terrestris,H11,5,13,2025,23:24,1
Aspidoscelis sexlineata,H6,5,14,2025,9:41,1
Aspidoscelis sexlineata,H10,5,14,2025,9:56,1
Aspidoscelis sexlineata,H13,5,14,2025,10:32,1
Aspidoscelis sexlineata,H10,5,14,2025,10:52,1
Aspidoscelis sexlineata,H13,5,14,2025,11:07,1
Aspidoscelis sexlineata,H6,5,14,2025,11:16,1
Aspidoscelis sexlineata,H5,5,14,2025,11:36,1
Coluber constrictor,H4,5,14,2025,11:45,1
Aspidoscelis sexlineata,H18,5,14,2025,11:56,1
Coluber constrictor,H28,5,14,2025,12:35,1
Aspidoscelis sexlineata,H18,5,14,2025,13:21,1
Aspidoscelis sexlineata,H6,5,14,2025,13:25,1
Plestiodon inexpectatus,H2,5,14,2025,13:44,1
Plestiodon inexpectatus,H12,5,14,2025,13:57,1
Aspidoscelis sexlineata,H14,5,14,2025,14:07,1
Masticophis flagellum,H13,5,14,2025,14:30,1
Aspidoscelis sexlineata,H18,5,14,2025,15:25,1
Crotalus adamanteus,H2,5,14,2025,16:50,1
Coluber constrictor,H25,5,14,2025,17:02,1
Plestiodon inexpectatus,H8,5,14,2025,18:24,1
Anaxyrus terrestris,H11,5,14,2025,20:47,1
Plestiodon inexpectatus,H8,5,15,2025,8:41,1
Aspidoscelis sexlineata,H6,5,15,2025,9:25,1
Coluber constrictor,H11,5,15,2025,9:49,1
Aspidoscelis sexlineata,H10,5,15,2025,10:01,1
Gopherus polyphemus,H16,5,15,2025,10:37,1
Aspidoscelis sexlineata,H10,5,15,2025,11:38,1
Aspidoscelis sexlineata,H16,5,15,2025,12:00,1
Aspidoscelis sexlineata,H10,5,15,2025,12:17,1
Aspidoscelis sexlineata,H7,5,15,2025,12:26,1
Aspidoscelis sexlineata,H10,5,15,2025,13:00,1
Aspidoscelis sexlineata,H6,5,15,2025,13:35,1
Aspidoscelis sexlineata,H7,5,15,2025,14:06,1
Coluber constrictor,H11,5,15,2025,14:34,1
Aspidoscelis sexlineata,H18,5,15,2025,15:02,1
Aspidoscelis sexlineata,H6,5,15,2025,15:14,1
Aspidoscelis sexlineata,H18,5,15,2025,16:31,1
Plestiodon inexpectatus,H5,5,16,2025,7:46,1
Aspidoscelis sexlineata,H18,5,16,2025,8:25,1
Coluber constrictor,H15,5,16,2025,8:43,1
Aspidoscelis sexlineata,H10,5,16,2025,9:04,1
Aspidoscelis sexlineata,H6,5,16,2025,9:04,1
Aspidoscelis sexlineata,H18,5,16,2025,9:21,1
Micrurus fulvius,H7,5,16,2025,9:29,1
Aspidoscelis sexlineata,H16,5,16,2025,9:51,1
Aspidoscelis sexlineata,H19,5,16,2025,11:12,1
Coluber constrictor,H2,5,16,2025,12:19,1
Coluber constrictor,H12,5,16,2025,12:23,1
Coluber constrictor,H14,5,16,2025,12:27,1
Coluber constrictor,H11,5,16,2025,12:53,1
Aspidoscelis sexlineata,H6,5,16,2025,12:53,1
Aspidoscelis sexlineata,H16,5,16,2025,13:07,1
Aspidoscelis sexlineata,H10,5,16,2025,13:43,1
Aspidoscelis sexlineata,H6,5,16,2025,13:45,1
Coluber constrictor,H2,5,16,2025,13:49,1
Coluber constrictor,H12,5,16,2025,13:54,1
Coluber constrictor,H8,5,16,2025,15:43,1
Aspidoscelis sexlineata,H6,5,16,2025,16:53,1
Coluber constrictor,H12,5,16,2025,18:32,1
Plestiodon inexpectatus,H8,5,17,2025,8:26,1
Aspidoscelis sexlineata,H10,5,17,2025,9:35,1
Coluber constrictor,H8,5,17,2025,9:50,1
Masticophis flagellum,H10,5,17,2025,10:15,1
Aspidoscelis sexlineata,H10,5,17,2025,10:31,1
Aspidoscelis sexlineata,H19,5,17,2025,10:34,1
Coluber constrictor,H4,5,17,2025,10:42,1
Aspidoscelis sexlineata,H6,5,17,2025,10:51,1
Aspidoscelis sexlineata,H6,5,17,2025,11:27,1
Masticophis flagellum,H5,5,17,2025,12:23,1
Masticophis flagellum,H10,5,17,2025,12:25,1
Coluber constrictor,H4,5,17,2025,13:04,1
Aspidoscelis sexlineata,H18,5,17,2025,14:27,1
Aspidoscelis sexlineata,H16,5,17,2025,15:16,1
Aspidoscelis sexlineata,H19,5,17,2025,15:17,1
Aspidoscelis sexlineata,H6,5,17,2025,15:34,1
Aspidoscelis sexlineata,H18,5,17,2025,16:04,1
Masticophis flagellum,H10,5,17,2025,17:04,1
Plestiodon inexpectatus,H13,5,18,2025,8:03,1
Aspidoscelis sexlineata,H10,5,18,2025,8:57,1
Aspidoscelis sexlineata,H6,5,18,2025,9:32,1
Aspidoscelis sexlineata,H13,5,18,2025,9:40,1
Aspidoscelis sexlineata,H6,5,18,2025,10:04,1
Aspidoscelis sexlineata,H19,5,18,2025,10:33,1
Aspidoscelis sexlineata,H13,5,18,2025,11:13,1
Anolis sagrei,H12,5,18,2025,11:50,1
Aspidoscelis sexlineata,H6,5,18,2025,12:38,1
Aspidoscelis sexlineata,H10,5,18,2025,12:43,1
Gopherus polyphemus,H16,5,18,2025,13:22,1
Anaxyrus quercicus,H6,5,18,2025,15:21,1
Aspidoscelis sexlineata,H5,5,18,2025,15:51,1
Aspidoscelis sexlineata,H7,5,18,2025,16:27,1
Anaxyrus terrestris,H7,5,19,2025,4:02,1
Plestiodon inexpectatus,H8,5,19,2025,7:46,1
Anolis carolinensis,H5,5,19,2025,8:27,1
Aspidoscelis sexlineata,H16,5,19,2025,8:30,1
Plestiodon inexpectatus,H13,5,19,2025,8:40,1
Aspidoscelis sexlineata,H13,5,19,2025,8:56,1
Aspidoscelis sexlineata,H10,5,19,2025,8:58,1
Aspidoscelis sexlineata,H19,5,19,2025,9:09,1
Aspidoscelis sexlineata,H6,5,19,2025,9:29,1
Aspidoscelis sexlineata,H13,5,19,2025,10:21,1
Aspidoscelis sexlineata,H19,5,19,2025,10:24,1
Aspidoscelis sexlineata,H13,5,19,2025,11:17,1
Aspidoscelis sexlineata,H6,5,19,2025,11:30,1
Aspidoscelis sexlineata,H7,5,19,2025,13:06,1
Aspidoscelis sexlineata,H19,5,19,2025,13:34,1
Aspidoscelis sexlineata,H16,5,19,2025,13:40,1
Aspidoscelis sexlineata,H10,5,19,2025,14:07,1
Aspidoscelis sexlineata,H10,5,19,2025,15:33,1
Aspidoscelis sexlineata,H18,5,19,2025,15:53,1
Aspidoscelis sexlineata,H19,5,19,2025,17:07,1
Aspidoscelis sexlineata,H6,5,19,2025,17:19,1
Aspidoscelis sexlineata,H10,5,20,2025,8:22,1
Aspidoscelis sexlineata,H19,5,20,2025,9:55,1
Coluber constrictor,H17,5,20,2025,10:04,1
Aspidoscelis sexlineata,H10,5,20,2025,10:18,1
Masticophis flagellum,H10,5,20,2025,11:25,1
Aspidoscelis sexlineata,H18,5,20,2025,15:41,1
Aspidoscelis sexlineata,H6,5,20,2025,16:46,1
Plestiodon inexpectatus,H8,5,21,2025,8:00,1
Terrapene carolina,H9,5,21,2025,8:12,1
Aspidoscelis sexlineata,H18,5,21,2025,8:14,1
Plestiodon inexpectatus,H8,5,21,2025,8:31,1
Aspidoscelis sexlineata,H13,5,21,2025,9:02,1
Aspidoscelis sexlineata,H6,5,21,2025,9:09,1
Aspidoscelis sexlineata,H13,5,21,2025,9:41,1
Micrurus fulvius,H5,5,21,2025,9:41,1
Aspidoscelis sexlineata,H19,5,21,2025,10:08,1
Aspidoscelis sexlineata,H18,5,21,2025,10:33,1
Aspidoscelis sexlineata,H7,5,21,2025,10:42,1
Masticophis flagellum,H13,5,21,2025,11:15,1
Aspidoscelis sexlineata,H10,5,21,2025,11:42,1
Aspidoscelis sexlineata,H6,5,21,2025,11:42,1
Aspidoscelis sexlineata,H6,5,21,2025,13:59,1
Aspidoscelis sexlineata,H10,5,21,2025,15:58,1
Aspidoscelis sexlineata,H13,5,21,2025,16:41,1
Aspidoscelis sexlineata,H6,5,21,2025,17:21,1
Aspidoscelis sexlineata,H18,5,22,2025,8:30,1
Plestiodon inexpectatus,H3,5,22,2025,8:49,1
Aspidoscelis sexlineata,H13,5,22,2025,9:04,1
Aspidoscelis sexlineata,H10,5,22,2025,9:19,1
Aspidoscelis sexlineata,H13,5,22,2025,10:18,1
Anaxryus quercicus,H16,5,22,2025,10:40,1
Aspidoscelis sexlineata,H5,5,22,2025,10:41,1
Aspidoscelis sexlineata,H6,5,22,2025,11:00,1
Aspidoscelis sexlineata,H18,5,22,2025,11:01,1
Plestiodon inexpectatus,H8,5,22,2025,11:34,1
Aspidoscelis sexlineata,H5,5,22,2025,11:41,1
Aspidoscelis sexlineata,H13,5,22,2025,12:11,1
Aspidoscelis sexlineata,H19,5,22,2025,12:12,1
Aspidoscelis sexlineata,H16,5,22,2025,15:09,1
Aspidoscelis sexlineata,H16,5,23,2025,8:28,1
Aspidoscelis sexlineata,H13,5,23,2025,9:23,1
Aspidoscelis sexlineata,H6,5,23,2025,11:34,1
